,Unnamed: 0,Unnamed: 0.1,date,hour,tweet,linea,estacion,polarity
0,0,0,06-nov-19,19:31:36,"El @MetroCDMX lleno de vendedores... En la estaci√≥n Cuatro Caminos hay tres o cuatro por vag√≥n... nadie intenta siquiera detenerlos, me refiero a la autoridad
@Claudiashein @SSP_CDMX https://t.co/oVycmCL7yE",linea2 ,Cuatro Caminos cuatro ,0
1,1,1,06-nov-19,19:32:20,Q paso @MetroCDMX en barranca ninguna de tus escaleras sirve y personas de la tercera edad apenas si pueden subir @MetroCDMX as algo no chinguen!!!! https://t.co/BLxTQ4irVw,linea7 ,barranca ,0
2,2,2,06-nov-19,19:32:35,"üî¥ #EnDirecto Si est√°s por abordar la estaci√≥n Tacuba de la #L√≠nea7 del @MetroCDMX te encontrar√°s el buen ambiente y ska de la @LATREMENDAKORTE

#TelediarioEnEl6 | üëá https://t.co/VqUPqVgacF https://t.co/YhKF6nW4ii",linea7,Tacuba Tacuba ,0
4,4,4,06-nov-19,19:33:04,Mi estimado @MetroCDMX que sucede en L8 direcci√≥n Garibaldi que va muy lenta??,linea8,Garibaldi ,0
5,5,5,06-nov-19,19:33:30,@MetroCDMX #L8 tardando demasiado direcci√≥n Garibaldi üò°,linea8,Garibaldi ,0
9,9,9,06-nov-19,19:37:14,"Qu√© coraje e impotencia...
En la salida del metro camarones ninguna escalera sirve, personas de la era edad con bast√≥n subiendo 4 pisos...
@MetroCDMX @Claudiashein pa cu√°ndo dar√°n buen sevicio.
Ah perd√≥n se me olvidaba que la jefa de gobierno es solo la chacha de la CDMX",linea4,camarones ,0
10,10,10,06-nov-19,19:37:41,"Aunque suene parad√≥jico, hay un lugar subterr√°neo donde se ven las constelaciones üå† del zodiaco. üò≥ ¬°As√≠ como lo lees üßê! Se trata del T√∫nel de la Ciencia üî≠ del @MetroCDMX üöá, ubicado en el pasillo que une las l√≠neas 3 y 5 de la #Estaci√≥nLaRaza. Conoce m√°s en este hilo üßµ.üëáüèΩ https://t.co/5HGTNbiD18",linea3,,0
14,14,14,06-nov-19,19:39:17,"@TlacaelelRey Remember la #L12 del @MetroCDMX.
Remember #Tl√°huac.
üò©üò©üò©",linea12,,0
17,17,17,06-nov-19,19:43:29,"Esto üê∂ üíñ üëè üëáüèº

Este perrito qued√≥ atrapado a 8 metros de altura en un caj√≥n de v√≠as en la estaci√≥n #Nopalera de la L√≠nea 12; fue rescatado sano y salvo y fue trasladado al Centro de Transferencia Canina @MetroCDMX https://t.co/LxOy7FWzDO",linea12,Centro Centro Nopalera ,0
20,20,20,06-nov-19,19:45:54,@MetroCDMX el metro en Eugenia arranca sin abrir puertas lamentable servicio.,linea3 ,Eugenia ,0
21,21,21,06-nov-19,19:46:29,Q paso @MetroCDMX en barranca ninguna de tus escaleras sirve y personas de la tercera edad apenas si pueden subir @MetroCDMX as algo no chinguen!!!! https://t.co/BLxTQ4irVw,linea7 ,barranca ,0
24,24,24,06-nov-19,19:48:37,"Esto üê∂ üíñ üëè üëáüèº

Este perrito qued√≥ atrapado a 8 metros de altura en un caj√≥n de v√≠as en la estaci√≥n #Nopalera de la L√≠nea 12; fue rescatado sano y salvo y fue trasladado al Centro de Transferencia Canina @MetroCDMX https://t.co/LxOy7FWzDO",linea12,Centro Centro Nopalera ,0
26,26,26,06-nov-19,19:49:48,@UCS_GCDMX @MetroCDMX @SSP_CDMX Si deseo proceder en contra de los PBI del metro Zapata,linea3 ,Zapata Zapata ,0
27,27,27,06-nov-19,19:51:38,"Sale banda ca√≠ganle a la estaci√≥n del @MetroCDMX #Tacuba l√≠nea 7, #LaTremendaKorte est√° deleitando con su #ska a los usuarios, si no pueden p√≥ngale al #Telediarioenel6 con @azucenau y @janupi https://t.co/z6Ye4jHsmb",linea7,Tacuba Tacuba ,0
28,28,28,06-nov-19,19:51:39,@MetroCDMX La linea 12 viene hasta el full gracias a que se viene pare y pare,linea1,,1
30,30,30,06-nov-19,19:53:23,@MetroCDMX Sigue sin haber cambip de tarjetas en ninguna estaci√≥n del linea #L8,linea8,,0
31,31,31,06-nov-19,19:54:01,"Esto üê∂ üíñ üëè üëáüèº

Este perrito qued√≥ atrapado a 8 metros de altura en un caj√≥n de v√≠as en la estaci√≥n #Nopalera de la L√≠nea 12; fue rescatado sano y salvo y fue trasladado al Centro de Transferencia Canina @MetroCDMX https://t.co/LxOy7FWzDO",linea12,Centro Centro Nopalera ,0
32,32,32,06-nov-19,19:54:21,@MetroCDMX @marben16 #L8 no ay en ningun lado,linea8,,0
33,33,33,06-nov-19,19:54:41,@MetroCDMX Sigue sin haber cambip de tarjetas en ninguna estaci√≥n del linea #L8,linea8,,0
34,34,34,06-nov-19,19:54:58,@MetroCDMX La linea 12 viene hasta el full gracias a que se viene pare y pare,linea1,,1
35,35,35,06-nov-19,19:55:54,@ChepoCheps  : @MetroCDMX el metro en Eugenia arranca sin abrir puertas lamentable servicio.,linea3 ,Eugenia ,0
41,41,41,06-nov-19,20:02:20,Q paso @MetroCDMX en barranca ninguna de tus escaleras sirve y personas de la tercera edad apenas si pueden subir @MetroCDMX as algo no chinguen!!!! https://t.co/BLxTQ4irVw,linea7 ,barranca ,0
42,42,42,06-nov-19,20:02:25,"Esto üê∂ üíñ üëè üëáüèº

Este perrito qued√≥ atrapado a 8 metros de altura en un caj√≥n de v√≠as en la estaci√≥n #Nopalera de la L√≠nea 12; fue rescatado sano y salvo y fue trasladado al Centro de Transferencia Canina @MetroCDMX https://t.co/LxOy7FWzDO",linea12,Centro Centro Nopalera ,0
49,49,49,07-nov-19,21:28:44,"NO le jueguen al #Turur√∫...

Un toque en la casa es de 110 voltios.
En el trabajo alcanza los 220.
Con cualquier de los dos, sientes morir.

En el @MetroCDMX, el ‚Äúllegue‚Äù es de 750 voltios. ¬°Te mata de una!

Detalles a las 2 en @HMeridiano @AztecaNoticias @AztecaUno https://t.co/EAwoSYM9Ir",linea2,,0
52,52,52,07-nov-19,21:32:03,"Las 12 l√≠neas del @MetroCDMX son vigiladas por 3 mil 761 polic√≠as de la #CDMX 

https://t.co/xphCmAg1p1",,,1
54,54,54,07-nov-19,21:32:35,@alertasurbanas El de Xola y Cuauhtemoc en la glorieta del metro @MetroCDMX Etiop√≠a. Rosita Mancera y @Claudiashein ser√≠an responsables en caso de colapso. Hay una terminal del @MetrobusCDMX justo a un lado.,linea1 ,Cuauhtemoc Xola terminal ,1
58,58,58,07-nov-19,21:33:37,"üöá#AvisoMetroüöá

Dice la rima: ""Vaya vaya, #Tacubaya, si no conoce mejor ni vaya""; por en√©sima vez, las escaleras de esta importante #correspondencia de #MetroCDMX, no est√°n üò°üò°en uso! este #7nov2019  
#L√≠nea1 #L1

Hagamos HT #Nom√°sfallasMetroCDMX
#LadeHoyDelMetro
#MovilidadCDMX https://t.co/DE55MTsa6T https://t.co/L3dv3RPJGO",linea1,Tacubaya Tacubaya Tacubaya ,0
60,60,60,07-nov-19,21:34:28,"Esas taquilleras del @MetroCDMX de pantitlan en #Linea9 te mandan a la chingada a diestra y siniestra, solo por que est√°n detr√°s de un vidrio se sienten intocables @Claudiashein un ojito a tus empleados",linea9,pantitlan pantitlan pantitlan pantitlan ,1
63,63,63,07-nov-19,21:35:04,@MetroCDMX Se sube un hombre mayor al vagon exclusivo de la l√≠nea 2. Le pido que se baje y me dice que el ya sabe que no debe estar ah√≠ pero que si PUEDE. Busque oficiales en todas las estaciones y hubo uno hasta San Antonio Abad otro hombre con chaleco naranja.,linea2,Antonio Abad ,0
65,65,65,07-nov-19,21:35:09,"üöá#AvisoMetroüöá

Dice la rima: ""Vaya vaya, #Tacubaya, si no conoce mejor ni vaya""; por en√©sima vez, las escaleras de esta importante #correspondencia de #MetroCDMX, no est√°n üò°üò°en uso! este #7nov2019  
#L√≠nea1 #L1

Hagamos HT #Nom√°sfallasMetroCDMX
#LadeHoyDelMetro
#MovilidadCDMX https://t.co/DE55MTsa6T https://t.co/L3dv3RPJGO",linea1,Tacubaya Tacubaya Tacubaya ,0
66,66,66,07-nov-19,21:35:34,"Damitas usuarias del metro, si exigimos respeto, tengan tantita madre y demuestren que ustedes tambi√©n pueden darlo! @MetroCDMX #metrocdmx #l3",linea3,,1
71,71,71,07-nov-19,21:37:07,"üöá#AvisoMetroüöá

Dice la rima: ""Vaya vaya, #Tacubaya, si no conoce mejor ni vaya""; por en√©sima vez, las escaleras de esta importante #correspondencia de #MetroCDMX, no est√°n üò°üò°en uso! este #7nov2019  
#L√≠nea1 #L1

Hagamos HT #Nom√°sfallasMetroCDMX
#LadeHoyDelMetro
#MovilidadCDMX https://t.co/DE55MTsa6T https://t.co/L3dv3RPJGO",linea1,Tacubaya Tacubaya Tacubaya ,0
75,75,75,07-nov-19,21:38:50,"@MetroCDMX
¬øEst√°n haciendo ascenso/descenso en la estaci√≥n Chabacano L9 en la parte de enmedio los trenes?
Metro M0348 lo abri√≥ puertas direcci√≥n Tacubaya.",linea9,Tacubaya Tacubaya Chabacano Chabacano Tacubaya ,0
77,77,77,07-nov-19,21:41:17,"@MetroCDMX #Linea3 direcci√≥n indios verdes.
Tres personas van tomando alcohol y aventando basura a las v√≠as por la ventana. ¬øQu√© procede? https://t.co/UoC8axvUQq",linea3,indios ,0
78,78,78,07-nov-19,21:41:26,Usuarios de la estaci√≥n San Joaquin del @MetroCDMX  solicitan  a las autoridades del @GobCDMX presencia permanente de elementos de @SSP_CDMX  ya que por las noches se han incrementado los asaltos a usuarios a la salida de dicha estaci√≥n https://t.co/OnLbShPhnC,linea7 ,Joaquin ,1
84,84,84,07-nov-19,21:42:58,Usuarios de la estaci√≥n San Joaquin del @MetroCDMX  solicitan  a las autoridades del @GobCDMX presencia permanente de elementos de @SSP_CDMX  ya que por las noches se han incrementado los asaltos a usuarios a la salida de dicha estaci√≥n https://t.co/OnLbShPhnC,linea7 ,Joaquin ,1
85,85,85,07-nov-19,21:43:35,"NO le jueguen al #Turur√∫...

Un toque en la casa es de 110 voltios.
En el trabajo alcanza los 220.
Con cualquier de los dos, sientes morir.

En el @MetroCDMX, el ‚Äúllegue‚Äù es de 750 voltios. ¬°Te mata de una!

Detalles a las 2 en @HMeridiano @AztecaNoticias @AztecaUno https://t.co/EAwoSYM9Ir",linea2,,0
86,86,86,07-nov-19,21:44:04,Usuarios de la estaci√≥n San Joaquin del @MetroCDMX  solicitan  a las autoridades del @GobCDMX presencia permanente de elementos de @SSP_CDMX  ya que por las noches se han incrementado los asaltos a usuarios a la salida de dicha estaci√≥n https://t.co/OnLbShPhnC,linea7 ,Joaquin ,1
88,88,88,07-nov-19,21:45:53,"Hoy @GoodbyeSailor en el @MetroCDMX a las 3:30 pm, los vemos en la estaci√≥n COPILCO para armar un fiest√≥n. https://t.co/3sFKksZWMV",linea3,COPILCO ,0
89,89,89,07-nov-19,21:46:23,Porque la l√≠nea 3 del @MetroCDMX es tan nefasta ????,linea3,,0
92,92,92,07-nov-19,21:46:53,"¬°Recuerda! La nueva Tarjeta de Movilidad Integrada de la ciudad tiene un costo de 5 pesos en taquillas del @MetroCDMX.

M√°s informaci√≥n üëâ https://t.co/iFn9miLPpf

#UnaCiudadUnSistema | #M√°sYMejorMovilidad https://t.co/4uOygoK4Co",linea5,,1
94,94,94,07-nov-19,21:49:02,"NO le jueguen al #Turur√∫...

Un toque en la casa es de 110 voltios.
En el trabajo alcanza los 220.
Con cualquier de los dos, sientes morir.

En el @MetroCDMX, el ‚Äúllegue‚Äù es de 750 voltios. ¬°Te mata de una!

Detalles a las 2 en @HMeridiano @AztecaNoticias @AztecaUno https://t.co/EAwoSYM9Ir",linea2,,0
95,95,95,07-nov-19,21:49:03,@MetroCDMX Qu√© pasa en la L√≠nea 3? Se para en cada estaci√≥n m√°s de 5 minutos üò°,linea3,,0
97,97,97,07-nov-19,21:51:49,"@MetroCDMX Esa linea3 no avanza, vamos",linea3 ,,1
99,99,99,07-nov-19,21:53:31,üòëüòëüòë no se mueve el metro en Balderas @MetroCDMX  atsilioooo,linea1 ,Balderas Balderas ,0
101,101,101,07-nov-19,21:55:12,@MetroCDMX Si mencionen que pas√≥ en la l√≠nea 3  ya lleva m√°s de 10 minutos detenido el metro!!! @MetroCDMX,linea3,,0
102,102,102,07-nov-19,21:55:37,"@MetroCDMX que pasa en la l3 super lento, y ahora no llueve √±, cual es el pretexto",linea3,,0
105,105,105,07-nov-19,21:56:22,"@MetroCDMX A ver, la hora en la que me levant√© a ti no te interesa, por lo que estoy inconforme es por el servicio ineficiente que tenemos  en el sistema metro,  a que me refiero diario hay una falla se atreven a poner 4 min. De retraso cuando en la estaci√≥n esperas 15, no seas rid√≠culo",linea4,,0
117,117,117,07-nov-19,22:04:50,@MetroCDMX hombres en el vagon de mujeres estacion chabacano tren M0513,linea8 ,chabacano chabacano ,0
118,118,118,07-nov-19,22:05:13,"@LeoFlores0730 @MetroCDMX Viene con retrasos,parando c√≥mo 5 minutos o m√°s en cada estaci√≥n",linea5,,1
122,122,122,07-nov-19,22:07:47,@MetroCDMX vag√≥n 1429 linea 7 con esa tapa abierta puede ocasionar un accidente https://t.co/Ntul1OnNDW,linea7,,0
123,123,123,07-nov-19,22:08:55,Usuarios de la estaci√≥n San Joaquin del @MetroCDMX  solicitan  a las autoridades del @GobCDMX presencia permanente de elementos de @SSP_CDMX  ya que por las noches se han incrementado los asaltos a usuarios a la salida de dicha estaci√≥n https://t.co/OnLbShPhnC,linea7 ,Joaquin ,1
131,131,131,07-nov-19,22:13:00,Usuarios de la estaci√≥n San Joaquin del @MetroCDMX  solicitan  a las autoridades del @GobCDMX presencia permanente de elementos de @SSP_CDMX  ya que por las noches se han incrementado los asaltos a usuarios a la salida de dicha estaci√≥n https://t.co/OnLbShPhnC,linea7 ,Joaquin ,1
133,133,133,07-nov-19,22:17:20,"√âste piano es muy particular...
Se encuentra en la estaci√≥n del @MetroCDMX Polanco, y se puede o√≠r cada que pasa la gente, al transitar sobre las escaleras.
Adem√°s ayuda a fomentar el ejercicio diario. https://t.co/fAmGK7RMBg",linea7 ,Polanco ,0
136,136,136,07-nov-19,22:19:44,"NO le jueguen al #Turur√∫...

Un toque en la casa es de 110 voltios.
En el trabajo alcanza los 220.
Con cualquier de los dos, sientes morir.

En el @MetroCDMX, el ‚Äúllegue‚Äù es de 750 voltios. ¬°Te mata de una!

Detalles a las 2 en @HMeridiano @AztecaNoticias @AztecaUno https://t.co/EAwoSYM9Ir",linea2,,0
137,137,137,07-nov-19,22:20:01,"@MetroCDMX Gracias. 
Pero, se agradece m√°s, manteniendo a los trenes, v√≠as e instalaciones, en metro Ju√°rez casi obscuro, en metro Hidalgo las escaleras el√©ctricas sin servir, de metro azteca a metro aragon requiere ‚õë pintura y pintar los logotipos de las salidas y entradas, etc",linea2 ,Hidalgo Hidalgo aragon ,0
138,138,138,07-nov-19,22:21:04,"¬°Recuerda! La nueva Tarjeta de Movilidad Integrada de la ciudad tiene un costo de 5 pesos en taquillas del @MetroCDMX.

M√°s informaci√≥n üëâ https://t.co/iFn9miLPpf

#UnaCiudadUnSistema | #M√°sYMejorMovilidad https://t.co/4uOygoK4Co",linea5,,1
140,140,140,07-nov-19,22:21:49,"Oye @MetroCDMX porque la mayor√≠a de sus taquilleras est√°n de malas, acabo de comprar un boleto en la estaci√≥n escuadr√≥n 201 direcci√≥n garibaldi, y atienden de un modo p√©simo, literal te avienta los boletos y el cambio. #HAZALGOMETROCDMX",linea8 ,garibaldi ,0
142,142,142,07-nov-19,22:26:38,"√âste piano es muy particular...
Se encuentra en la estaci√≥n del @MetroCDMX Polanco, y se puede o√≠r cada que pasa la gente, al transitar sobre las escaleras.
Adem√°s ayuda a fomentar el ejercicio diario. https://t.co/fAmGK7RMBg",linea7 ,Polanco ,0
152,152,152,07-nov-19,22:37:11,Usuarios de la estaci√≥n San Joaquin del @MetroCDMX  solicitan  a las autoridades del @GobCDMX presencia permanente de elementos de @SSP_CDMX  ya que por las noches se han incrementado los asaltos a usuarios a la salida de dicha estaci√≥n https://t.co/OnLbShPhnC,linea7 ,Joaquin ,1
155,155,155,07-nov-19,22:38:50,"NO le jueguen al #Turur√∫...

Un toque en la casa es de 110 voltios.
En el trabajo alcanza los 220.
Con cualquier de los dos, sientes morir.

En el @MetroCDMX, el ‚Äúllegue‚Äù es de 750 voltios. ¬°Te mata de una!

Detalles a las 2 en @HMeridiano @AztecaNoticias @AztecaUno https://t.co/EAwoSYM9Ir",linea2,,0
161,161,161,07-nov-19,22:44:11,"El conductor del tren del metro del vag√≥n 2088. Toca el timbre de cierre de puertas e inmediatamente cierra las puertas quedando personas atrapadas en las mismas @MetroCDMX yo voy en este vag√≥n y me lesion√≥ mi pierna. 
@claudiashe direcci√≥n Pantitl√°n. 4:25 pm",linea4,,0
162,162,162,07-nov-19,22:45:48,Usuarios de la estaci√≥n San Joaquin del @MetroCDMX  solicitan  a las autoridades del @GobCDMX presencia permanente de elementos de @SSP_CDMX  ya que por las noches se han incrementado los asaltos a usuarios a la salida de dicha estaci√≥n https://t.co/OnLbShPhnC,linea7 ,Joaquin ,1
166,166,166,07-nov-19,22:46:53,"¬°Recuerda! La nueva Tarjeta de Movilidad Integrada de la ciudad tiene un costo de 5 pesos en taquillas del @MetroCDMX.

M√°s informaci√≥n üëâ https://t.co/iFn9miLPpf

#UnaCiudadUnSistema | #M√°sYMejorMovilidad https://t.co/4uOygoK4Co",linea5,,1
169,169,169,07-nov-19,22:48:19,@MetroCDMX #Linea2 Vagon 2211 se viene meneando https://t.co/ofbbXCYcSq,linea2,,1
171,171,171,07-nov-19,22:49:46,@MetroCDMX @Hackaqa Otra en #Linea2 https://t.co/42EUsKwaSv,linea2,,1
180,180,180,07-nov-19,22:57:49,"En la estaci√≥n Autobuses del Norte l√≠nea 5 del @MetroCDMX un usuario fue golpeado y robado por varias personas, le quitaron su tel√©fono, su mochila y le provocaron una fractura en el pie derecho, @SSP_CDMX de la estaci√≥n detuvo a un joven menor de edad quien particip√≥ en el robo. https://t.co/qfWJT05BFy",linea5,Norte Autobuses ,0
181,181,181,07-nov-19,22:59:32,@MetroCDMX #Linea3 tomando y tirando basura alas vias luego porque hay retrasos https://t.co/8LeTmrXBSD,linea3,,0
191,191,191,07-nov-19,23:11:29,"La diputada @espevillal solicita a la @SGIRPC_CDMX, @MetroCDMX, @SOBSECDMX, realicen las diligencias pertinentes para dictaminar el estado de las escalinatas de acceso a la estaci√≥n del metro Pe√±√≥n Viejo y determinar si son seguras y proyecte su rehabilitaci√≥n o reconstrucci√≥n. https://t.co/vAM1EPevOi",lineaa,Viejo ,0
193,193,193,06-nov-19,22:06:45,@2ruedasdiario @MetroCDMX Usa el de la #Linea12,linea12,,0
195,195,195,06-nov-19,22:08:35,#H√©roesSinCapa | Rescatan a perrito en el @MetroCDMX Nopalera; llevaba 4 d√≠as atrapado üò≤ ‚û°Ô∏è https://t.co/UMtu1MoUPH https://t.co/XwgH9KJiwL,linea4,Nopalera ,1
197,197,197,06-nov-19,22:09:55,"@MetroCDMX Ambulantes en la #Linea2 como siempre @Claudiashein 

#Cortesia @briandlcbrown https://t.co/vltb4zwITM",linea2,,1
201,201,201,06-nov-19,22:12:59,"En la estaci√≥n Autobuses del Norte l√≠nea 5 del @MetroCDMX un usuario fue golpeado y robado por varias personas, le quitaron su tel√©fono, su mochila y le provocaron una fractura en el pie derecho, @SSP_CDMX de la estaci√≥n detuvo a un joven menor de edad quien particip√≥ en el robo. https://t.co/qfWJT05BFy",linea5,Norte Autobuses ,0
203,203,203,06-nov-19,22:13:08,"@MetroCDMXQuejas @SSP_CDMX @MetroCDMX Los PBI de la estaci√≥n Zapata est√°n coludidos con los que ""bolsean"" me detuvieron a mi siendo yo la v√≠ctima y me golpearon todo el trayecto de Zapata a Guerrero",linea3 ,Zapata Zapata Guerrero Guerrero Zapata Zapata ,0
204,204,204,06-nov-19,22:14:46,"@MetroCDMX que onda??
En la l√≠nea A hay unos ni√±os arrastr√°ndose pidiendo dinero, siento pena por los ni√±os pero no es posible que los permitan estar dentro del stc, fomentan a que cada vez haya m√°s explotaci√≥n infantil.A la ni√±a le preguntaron donde est√° su mam√°,Ni siquiera est√°",linea3 ,ni√±os ni√±os ,0
206,206,206,06-nov-19,22:18:44,"Esto üê∂ üíñ üëè üëáüèº

Este perrito qued√≥ atrapado a 8 metros de altura en un caj√≥n de v√≠as en la estaci√≥n #Nopalera de la L√≠nea 12; fue rescatado sano y salvo y fue trasladado al Centro de Transferencia Canina @MetroCDMX https://t.co/LxOy7FWzDO",linea12,Centro Centro Nopalera ,0
208,208,208,06-nov-19,22:19:47,"Oye @Claudiashein nos har√≠as un parote si nos pones el @MetroCDMX hasta las 3 am los d√≠as del @CoronaCapital 
Hay chance?",linea3,,1
212,212,212,06-nov-19,22:21:40,"Ceremonia Del D√©cimo Aniversario Del Instituto Tecnolog√≠co De Iztapalapa #aniversario #rumba
@TecNMOficial @itiztapalapa 
@MQuinteroq 
@MetroCDMX https://t.co/leuXkFTFX4",linea8 ,Iztapalapa ,0
217,217,217,06-nov-19,22:24:36,"@MetroCDMX que pasa con el metro estacion guerrero,hay mucho humo.",linea3 ,guerrero guerrero ,0
218,218,218,06-nov-19,22:24:42,@MetroCDMX Porque esta parada la l√≠nea 3 hijos de la chingada ya son 10 min. Pendejos,linea3,,0
225,225,225,06-nov-19,22:30:43,"En la estaci√≥n Autobuses del Norte l√≠nea 5 del @MetroCDMX un usuario fue golpeado y robado por varias personas, le quitaron su tel√©fono, su mochila y le provocaron una fractura en el pie derecho, @SSP_CDMX de la estaci√≥n detuvo a un joven menor de edad quien particip√≥ en el robo. https://t.co/qfWJT05BFy",linea5,Norte Autobuses ,0
226,226,226,06-nov-19,22:30:48,"@MetroCDMX se cay√≥ una l√°mpara del vag√≥n con serie N 1586 
Est√° en √©ste momento en estaci√≥n Mixiuhca direcci√≥n Pantitl√°n. https://t.co/7luCMV3YQM",linea9 ,Mixiuhca ,0
229,229,229,06-nov-19,22:37:09,"@FirenzeM @MetroCDMX  en serio neta üò†üò†que onda con las escaleras el√©ctricas por qu√© no las arreglan ,est√°s ya tienen m√°s de 1 mes #linea2 #Hidalgo o est√°n ahorrando ? https://t.co/zc1MZEEaiA",linea2,Hidalgo Hidalgo ,1
232,232,232,06-nov-19,22:39:15,"Esto üê∂ üíñ üëè üëáüèº

Este perrito qued√≥ atrapado a 8 metros de altura en un caj√≥n de v√≠as en la estaci√≥n #Nopalera de la L√≠nea 12; fue rescatado sano y salvo y fue trasladado al Centro de Transferencia Canina @MetroCDMX https://t.co/LxOy7FWzDO",linea12,Centro Centro Nopalera ,0
238,238,238,06-nov-19,22:41:46,"En la estaci√≥n Autobuses del Norte l√≠nea 5 del @MetroCDMX un usuario fue golpeado y robado por varias personas, le quitaron su tel√©fono, su mochila y le provocaron una fractura en el pie derecho, @SSP_CDMX de la estaci√≥n detuvo a un joven menor de edad quien particip√≥ en el robo. https://t.co/qfWJT05BFy",linea5,Norte Autobuses ,0
241,241,241,06-nov-19,22:43:55,"@MetroCDMX @CiroGomezL @YuririaSierra
Esta persona nos agredi√≥ en el metro zapata y quien directamente agredi√≥ verbalmente y de golpes a mi madre de 50 a√±os quien es diabetica y ahora nos est√° difamando v√≠a redes sociales y estamos dispuesto a hacer el proceso legal. https://t.co/x4gkneCmV5",linea3 ,zapata zapata ,0
242,242,242,06-nov-19,22:45:27,"Esto üê∂ üíñ üëè üëáüèº

Este perrito qued√≥ atrapado a 8 metros de altura en un caj√≥n de v√≠as en la estaci√≥n #Nopalera de la L√≠nea 12; fue rescatado sano y salvo y fue trasladado al Centro de Transferencia Canina @MetroCDMX https://t.co/LxOy7FWzDO",linea12,Centro Centro Nopalera ,0
247,247,247,06-nov-19,22:47:17,"@MetroCDMX Muy bien! Ahora pueden arreglar las escaleras el√©ctricas de la estaci√≥n parque de los venados, direcci√≥n a Tlahuac? Llevan m√°s de dos semanas sin funcionar!",linea12 ,venados Tlahuac ,1
249,249,249,06-nov-19,22:48:24,¬øCu√°ntas veces tendr√© que twittear que las escaleras el√©ctricas del #copilco #L3 no funcionan? Desde agosto a lo que va de noviembre f√°cil funcionaron semana y media. @MetroCDMX,linea3,copilco ,0
251,251,251,06-nov-19,22:49:19,"Esto üê∂ üíñ üëè üëáüèº

Este perrito qued√≥ atrapado a 8 metros de altura en un caj√≥n de v√≠as en la estaci√≥n #Nopalera de la L√≠nea 12; fue rescatado sano y salvo y fue trasladado al Centro de Transferencia Canina @MetroCDMX https://t.co/LxOy7FWzDO",linea12,Centro Centro Nopalera ,0
253,253,253,06-nov-19,22:51:35,"¬øY esto @MetroCDMX ?
Es en la #L1 vag√≥n 1934",linea1,,0
254,254,254,06-nov-19,22:53:39,"¬øY esto @MetroCDMX ? 
Est√° en la #L1 vag√≥n 1934 https://t.co/fcrCLX8y8O",linea1,,0
255,255,255,06-nov-19,22:54:00,@MetroCDMX favor de hacer reporte. El conductor viene dando unos enfrenones. Vag√≥n 2283 l√≠nea rosa ahora De  Isabel a pino Su√°rez,linea1,Isabel pino pino ,0
256,256,256,06-nov-19,22:54:12,"En la L√≠nea 1 del @MetroCDMX, se est√°n realizando pruebas de los nuevos trenes que circular√°n desde Pantitl√°n a Observatorio.
Son unidades que se ven üëå y ayudar√°n a reducir tiempos en los trayectos. ¬°Enhorabuena! üöá https://t.co/MzZKzXU33o",linea1,,1
258,258,258,06-nov-19,22:55:23,@MetroCDMX persona en evidente estado de ebriedad en la l√≠nea 2 llegando a la estaci√≥n z√≥calo,linea2,,0
259,259,259,06-nov-19,22:55:37,"Esto üê∂ üíñ üëè üëáüèº

Este perrito qued√≥ atrapado a 8 metros de altura en un caj√≥n de v√≠as en la estaci√≥n #Nopalera de la L√≠nea 12; fue rescatado sano y salvo y fue trasladado al Centro de Transferencia Canina @MetroCDMX https://t.co/LxOy7FWzDO",linea12,Centro Centro Nopalera ,0
262,262,262,06-nov-19,22:57:44,"En la estaci√≥n Autobuses del Norte l√≠nea 5 del @MetroCDMX un usuario fue golpeado y robado por varias personas, le quitaron su tel√©fono, su mochila y le provocaron una fractura en el pie derecho, @SSP_CDMX de la estaci√≥n detuvo a un joven menor de edad quien particip√≥ en el robo. https://t.co/qfWJT05BFy",linea5,Norte Autobuses ,0
266,266,266,06-nov-19,22:59:05,"En la estaci√≥n Autobuses del Norte l√≠nea 5 del @MetroCDMX un usuario fue golpeado y robado por varias personas, le quitaron su tel√©fono, su mochila y le provocaron una fractura en el pie derecho, @SSP_CDMX de la estaci√≥n detuvo a un joven menor de edad quien particip√≥ en el robo. https://t.co/qfWJT05BFy",linea5,Norte Autobuses ,0
270,270,270,06-nov-19,23:02:43,"En la estaci√≥n Autobuses del Norte l√≠nea 5 del @MetroCDMX un usuario fue golpeado y robado por varias personas, le quitaron su tel√©fono, su mochila y le provocaron una fractura en el pie derecho, @SSP_CDMX de la estaci√≥n detuvo a un joven menor de edad quien particip√≥ en el robo. https://t.co/qfWJT05BFy",linea5,Norte Autobuses ,0
285,285,285,06-nov-19,23:09:18,"Esto üê∂ üíñ üëè üëáüèº

Este perrito qued√≥ atrapado a 8 metros de altura en un caj√≥n de v√≠as en la estaci√≥n #Nopalera de la L√≠nea 12; fue rescatado sano y salvo y fue trasladado al Centro de Transferencia Canina @MetroCDMX https://t.co/LxOy7FWzDO",linea12,Centro Centro Nopalera ,0
286,286,286,06-nov-19,23:16:22,"En la estaci√≥n Autobuses del Norte l√≠nea 5 del @MetroCDMX un usuario fue golpeado y robado por varias personas, le quitaron su tel√©fono, su mochila y le provocaron una fractura en el pie derecho, @SSP_CDMX de la estaci√≥n detuvo a un joven menor de edad quien particip√≥ en el robo. https://t.co/qfWJT05BFy",linea5,Norte Autobuses ,0
288,288,288,06-nov-19,23:17:46,@MetroCDMX @LATREMENDAKORTE No seas mam√≥n ... Y uno ac√° en Balderas!!! Jajajajajaja,linea1 ,Balderas Balderas ,0
291,291,291,06-nov-19,23:20:08,"@MetroCDMX Y si el conductor de la linea 1, deja de revisar su celular un rato, no le va a pasar nada. Y conduce para que lleguemos a nuestro destino, esto en direcci√≥n Observatorio
Gracias por su atenci√≥n",linea1,Observatorio ,0
294,294,294,06-nov-19,23:21:33,"Personal de Protecci√≥n Civil y Seguridad Institucional del @MetroCDMX rescat√≥ hoy al medio d√≠a a un can atrapado en el exterior del caj√≥n de v√≠as de la estaci√≥n Nopalera, en el tramo elevado de la L√≠nea 12.

#UnoNoticias https://t.co/MCdbNQl4ii",linea12 ,Nopalera ,0
297,297,297,06-nov-19,23:23:45,@MetroCDMX  que onda? Hay vendedores ambulantes en los vagones linea 3 indios verdes universidad,linea3,indios verdes universidad ,0
302,302,302,06-nov-19,23:26:42,"En la estaci√≥n Autobuses del Norte l√≠nea 5 del @MetroCDMX un usuario fue golpeado y robado por varias personas, le quitaron su tel√©fono, su mochila y le provocaron una fractura en el pie derecho, @SSP_CDMX de la estaci√≥n detuvo a un joven menor de edad quien particip√≥ en el robo. https://t.co/qfWJT05BFy",linea5,Norte Autobuses ,0
303,303,303,06-nov-19,23:26:45,"Personal de Protecci√≥n Civil y Seguridad Institucional del @MetroCDMX rescat√≥ hoy al medio d√≠a a un can atrapado en el exterior del caj√≥n de v√≠as de la estaci√≥n Nopalera, en el tramo elevado de la #L√≠nea12 https://t.co/J0KLBwEbgz",linea12,Nopalera ,0
307,307,307,06-nov-19,23:33:23,"La red de #MICDMX permitir√° el acceso con bicis üöáüöé
@MetroCDMX y @MetrobusCDMX  a partir de las 17:00
@STE_CDMX a partir de las 18:00
@ecobici dar√° el doble de tiempo. Si a√∫n no est√°n inscritos, el 8 y 9 podr√°n registrarse y al recoger su membres√≠a recibir√°n un llavero de regalo",,,1
309,309,309,06-nov-19,23:34:43,"La red de #MICDMX permitir√° el acceso con bicis üöáüöé
@MetroCDMX y @MetrobusCDMX  a partir de las 17:00
@STE_CDMX a partir de las 18:00
@ecobici dar√° el doble de tiempo. Si a√∫n no est√°n inscritos, el 8 y 9 podr√°n registrarse y al recoger su membres√≠a recibir√°n un llavero de regalo https://t.co/dXQLwIa1Sh",,,1
310,310,310,06-nov-19,23:36:46,"Esto üê∂ üíñ üëè üëáüèº

Este perrito qued√≥ atrapado a 8 metros de altura en un caj√≥n de v√≠as en la estaci√≥n #Nopalera de la L√≠nea 12; fue rescatado sano y salvo y fue trasladado al Centro de Transferencia Canina @MetroCDMX https://t.co/LxOy7FWzDO",linea12,Centro Centro Nopalera ,0
311,311,311,07-nov-19,0:28:39,@MetroCDMX Parada l√≠nea 9 en Lazaro C√°rdenas,linea9,Lazaro Lazaro Lazaro ,1
315,315,315,07-nov-19,0:29:44,"@MetroCDMX Totalmente falso, l√≠nea 9 parada",linea9,,0
316,316,316,07-nov-19,0:29:57,"Si asistes al Paseo Nocturno en Bicicleta este 9 de noviembre ¬°te tenemos una buena noticia!

üî∏Accede al @MetroCDMX con tu bici a partir de las 17:00 h hasta finalizar el servicio

üî∏Accede a @MetrobusCDMX todo el d√≠a, a excepci√≥n de 12:00 a 17:00 h

Excelente servicio‚≠ê‚≠ê‚≠ê‚≠ê‚≠ê https://t.co/S8xczsgyzI",,,1
319,319,319,07-nov-19,0:33:45,"Oye @MetroCDMX este Ni√±o viaja solo en el sistema y empuja a la gente, se sent√≥ el piso, patentado personas #l9 centro m√©dico direcci√≥n Pantitl√°n https://t.co/f6jkoQYnY3",linea9,centro centro ,0
321,321,321,07-nov-19,0:35:06,"Personal de Protecci√≥n Civil y Seguridad Institucional del @MetroCDMX rescat√≥ hoy al medio d√≠a a un can atrapado en el exterior del caj√≥n de v√≠as de la estaci√≥n Nopalera, en el tramo elevado de la L√≠nea 12.

#UnoNoticias https://t.co/MCdbNQl4ii",linea12 ,Nopalera ,0
322,322,322,07-nov-19,0:35:46,"Pues que los ni√±os se paren m√°s temprano, ¬øO tambi√©n quiere que vayamos a levantarlos?",,,1
323,323,323,07-nov-19,0:36:01,@MetroCDMX Hola la linea 7 direcci√≥n el rosario que tal esta?,linea7,rosario rosario ,0
324,324,324,07-nov-19,0:36:07,"Pues que los ni√±os se paren m√°s temprano, ¬øO tambi√©n quiere que vayamos a levantarlos? https://t.co/9ZAOMSlhWv",,,1
326,326,326,07-nov-19,0:36:53,"Pues que los ni√±os se paren m√°s temprano, ¬øO tambi√©n quiere que vayamos a levantarlos? https://t.co/9ZAOMSlhWv",,,1
327,327,327,07-nov-19,0:37:31,"Pues que los ni√±os se paren m√°s temprano, ¬øO tambi√©n quiere que vayamos a levantarlos? https://t.co/9ZAOMSlhWv",,,1
328,328,328,07-nov-19,0:38:36,"Pues que los ni√±os se paren m√°s temprano, ¬øO tambi√©n quiere que vayamos a levantarlos? https://t.co/9ZAOMSlhWv",,,1
329,329,329,07-nov-19,0:38:59,"Pues que los ni√±os se paren m√°s temprano, ¬øO tambi√©n quiere que vayamos a levantarlos? https://t.co/9ZAOMSlhWv",,,1
330,330,330,07-nov-19,0:39:06,"Si asistes al Paseo Nocturno en Bicicleta este 9 de noviembre ¬°te tenemos una buena noticia!

üî∏Accede al @MetroCDMX con tu bici a partir de las 17:00 h hasta finalizar el servicio

üî∏Accede a @MetrobusCDMX todo el d√≠a, a excepci√≥n de 12:00 a 17:00 h

Excelente servicio‚≠ê‚≠ê‚≠ê‚≠ê‚≠ê https://t.co/S8xczsgyzI",,,1
331,331,331,07-nov-19,0:39:14,"Pues que los ni√±os se paren m√°s temprano, ¬øO tambi√©n quiere que vayamos a levantarlos? https://t.co/9ZAOMSlhWv",,,1
334,334,334,07-nov-19,0:40:29,"Si asistes al Paseo Nocturno en Bicicleta este 9 de noviembre ¬°te tenemos una buena noticia!

üî∏Accede al @MetroCDMX con tu bici a partir de las 17:00 h hasta finalizar el servicio

üî∏Accede a @MetrobusCDMX todo el d√≠a, a excepci√≥n de 12:00 a 17:00 h

Excelente servicio‚≠ê‚≠ê‚≠ê‚≠ê‚≠ê https://t.co/S8xczsgyzI",,,1
337,337,337,07-nov-19,0:41:23,"Pues que los ni√±os se paren m√°s temprano, ¬øO tambi√©n quiere que vayamos a levantarlos? https://t.co/9ZAOMSlhWv",,,1
338,338,338,07-nov-19,0:41:55,"Pues que los ni√±os se paren m√°s temprano, ¬øO tambi√©n quiere que vayamos a levantarlos? https://t.co/9ZAOMSlhWv",,,1
341,341,341,07-nov-19,0:42:52,"Pues que los ni√±os se paren m√°s temprano, ¬øO tambi√©n quiere que vayamos a levantarlos? https://t.co/9ZAOMSlhWv",,,1
342,342,342,07-nov-19,0:42:57,"Pues que los ni√±os se paren m√°s temprano, ¬øO tambi√©n quiere que vayamos a levantarlos? https://t.co/9ZAOMSlhWv",,,1
345,345,345,07-nov-19,0:43:38,"Pues que los ni√±os se paren m√°s temprano, ¬øO tambi√©n quiere que vayamos a levantarlos? https://t.co/9ZAOMSlhWv",,,1
346,346,346,07-nov-19,0:43:48,"Pues que los ni√±os se paren m√°s temprano, ¬øO tambi√©n quiere que vayamos a levantarlos? https://t.co/9ZAOMSlhWv",,,1
348,348,348,07-nov-19,0:48:29,"Si asistes al Paseo Nocturno en Bicicleta este 9 de noviembre ¬°te tenemos una buena noticia!

üî∏Accede al @MetroCDMX con tu bici a partir de las 17:00 h hasta finalizar el servicio

üî∏Accede a @MetrobusCDMX todo el d√≠a, a excepci√≥n de 12:00 a 17:00 h

Excelente servicio‚≠ê‚≠ê‚≠ê‚≠ê‚≠ê https://t.co/S8xczsgyzI",,,1
351,351,351,07-nov-19,0:49:30,"Pues que los ni√±os se paren m√°s temprano, ¬øO tambi√©n quiere que vayamos a levantarlos? https://t.co/9ZAOMSlhWv",,,1
353,353,353,07-nov-19,0:50:27,"Pues que los ni√±os se paren m√°s temprano, ¬øO tambi√©n quiere que vayamos a levantarlos? https://t.co/9ZAOMSlhWv",,,1
355,355,355,07-nov-19,0:50:46,"Pues que los ni√±os se paren m√°s temprano, ¬øO tambi√©n quiere que vayamos a levantarlos? https://t.co/9ZAOMSlhWv",,,1
356,356,356,07-nov-19,0:51:24,"Pues que los ni√±os se paren m√°s temprano, ¬øO tambi√©n quiere que vayamos a levantarlos? https://t.co/9ZAOMSlhWv",,,1
358,358,358,07-nov-19,0:52:21,"@MetroCDMX Gerardo Luevano Jefe de estaci√≥n Polanco, perd√≥n d√©spota y prepotente, cambiarlo por  favor",linea7 ,Polanco ,1
360,360,360,07-nov-19,0:53:28,"Pues que los ni√±os se paren m√°s temprano, ¬øO tambi√©n quiere que vayamos a levantarlos? https://t.co/9ZAOMSlhWv",,,1
361,361,361,07-nov-19,0:53:40,"@MetroCDMX @VlankaVera @metrosinambu Que pasa en Tacubaya, 10 minutos y no llega el tren, mientras, hay m√°s y m√°s gente",linea1 ,Tacubaya Tacubaya Tacubaya ,0
363,363,363,07-nov-19,0:54:05,"@MetroCDMX hay tres personas en la l√≠nea 5, direcci√≥n Pantitl√°n tomando y pidiendo dinero. Estan amedrentando a los usuarios para que les demos dinero. Vamos camino a Ocean√≠a, en √∫ltimo vag√≥n. ¬øDe qu√© se trata? ¬øQue les demos lo que nos cuesta mucho ganar?",linea5,pantitlan pantitlan pantitlan pantitlan ,1
365,365,365,07-nov-19,0:54:22,"Pues que los ni√±os se paren m√°s temprano, ¬øO tambi√©n quiere que vayamos a levantarlos? https://t.co/9ZAOMSlhWv",,,1
368,368,368,07-nov-19,0:55:34,"Pues que los ni√±os se paren m√°s temprano, ¬øO tambi√©n quiere que vayamos a levantarlos? https://t.co/9ZAOMSlhWv",,,1
371,371,371,07-nov-19,0:56:02,"Pues que los ni√±os se paren m√°s temprano, ¬øO tambi√©n quiere que vayamos a levantarlos? https://t.co/9ZAOMSlhWv",,,1
374,374,374,07-nov-19,0:57:09,@MetroCDMX Alguien sabe c√≥mo va l√≠nea 1?,linea1,,1
377,377,377,07-nov-19,0:58:45,"Pues que los ni√±os se paren m√°s temprano, ¬øO tambi√©n quiere que vayamos a levantarlos? https://t.co/9ZAOMSlhWv",,,1
378,378,378,07-nov-19,0:59:13,@MonserrathAndr9 @MetroCDMX Avanza normal,linea2 ,normal ,1
379,379,379,07-nov-19,0:59:23,"Personal de Protecci√≥n Civil y Seguridad Institucional del @MetroCDMX rescat√≥ hoy al medio d√≠a a un can atrapado en el exterior del caj√≥n de v√≠as de la estaci√≥n Nopalera, en el tramo elevado de la L√≠nea 12.

#UnoNoticias https://t.co/MCdbNQl4ii",linea12 ,Nopalera ,0
381,381,381,07-nov-19,1:00:09,@MetroCDMX el vag√≥n de la l√≠nea verde 3397. El ventilador solo hace un ruido muy ensordecedor y no funciona,linea8,,0
383,383,383,07-nov-19,1:01:24,"Pues que los ni√±os se paren m√°s temprano, ¬øO tambi√©n quiere que vayamos a levantarlos? https://t.co/9ZAOMSlhWv",,,1
386,386,386,07-nov-19,1:02:30,@MetroCDMX gracias por apurar el servicio en verdad que una mujer embarazada no puede controlar las necesidades que una tiene y viajo hasta potrero si hubiera ba√±o pues que vayan lento pero gracias por apurar el servicio as√≠ dan ganas de apoyarlos siempre,linea3 ,potrero ,1
387,387,387,07-nov-19,1:03:28,@MetroCDMX diario miles de personas tienen que subir escaleras pra cruzar del otro lado del and√©n en la estaci√≥n Mixcoac... URGE QUE HABILITEN OTRAS ESCALERAS. Hoy terminaron a golpes los usuarios y todos los d√≠as hay enfrentamientos que nos ponen en riesgo. https://t.co/riTChtoUrT,linea12 ,Mixcoac ,0
388,388,388,07-nov-19,1:04:08,"Esto üê∂ üíñ üëè üëáüèº

Este perrito qued√≥ atrapado a 8 metros de altura en un caj√≥n de v√≠as en la estaci√≥n #Nopalera de la L√≠nea 12; fue rescatado sano y salvo y fue trasladado al Centro de Transferencia Canina @MetroCDMX https://t.co/LxOy7FWzDO",linea12,Centro Centro Nopalera ,0
389,389,389,07-nov-19,1:04:47,@MetroCDMX La l√≠nea 3 es un asco! ¬øQu√© pasa? Se va parando en cada estaci√≥n,linea3,,0
390,390,390,07-nov-19,1:05:12,"@MetroCDMX #l3 mas de 6 min por estacion, cual es el pretexto del dia para no trabajar @MetroCDMX ??? Presencia de lluvia, ausencia de lluvia, mecanismos de cierre, modos de conduccion, el conductor viene ebrio, el conductor se viene tocando sus partes??????",linea3,,0
392,392,392,07-nov-19,1:06:51,"Pues que los ni√±os se paren m√°s temprano, ¬øO tambi√©n quiere que vayamos a levantarlos? https://t.co/9ZAOMSlhWv",,,1
397,397,397,07-nov-19,1:09:06,"Pues que los ni√±os se paren m√°s temprano, ¬øO tambi√©n quiere que vayamos a levantarlos? https://t.co/9ZAOMSlhWv",,,1
398,398,398,07-nov-19,1:09:46,"@metroCdmxL3 @MetroCDMX #L3 @UsuariosSTC 
20 min de M.A de Quevedo a Etiop√≠a. Hace muchas pausas en los t√∫neles y en las estaciones. Vag√≥n lleno",linea3,Quevedo ,0
400,400,400,07-nov-19,1:10:00,"En su bonita secci√≥n ""No todos los h√©roes llevan capa"" 

Estos trabajadores rescataron a un perrito que ya llevaba cuatro d√≠as atrapado en las instalaciones del  @MetroCDMX #Nopalera en la l√≠nea 12. Un gran trabajo. https://t.co/y7mL9YyDsV",linea12,cuatro Nopalera ,1
401,401,401,07-nov-19,1:10:01,"Y ayer se quisieron jalar a dos chavas en pleno paradero del @MetroCDMX Indios Verdes a las 6:30 de la noche. Y no, no eres paranoica.",linea3 ,Indios Verdes ,1
402,402,402,07-nov-19,1:10:15,"@metroCdmxL3 @MetroCDMX #L3 @UsuariosSTC 
20 min de M.A de Quevedo a Etiop√≠a. Hace muchas pausas en los t√∫neles y en las estaciones. Vag√≥n lleno",linea3,Quevedo ,0
403,403,403,07-nov-19,1:10:46,"@MetroCDMX L√≠nea B direcci√≥n Ciudad azteca..
Estaci√≥n guerrero.. 
est√° tardando en pasar los andenes...
Y se est√°n llenando r√°pido..!! üò°",linea3 ,guerrero guerrero ,0
404,404,404,07-nov-19,1:11:41,"En su bonita secci√≥n ""No todos los h√©roes llevan capa"" 

Estos trabajadores rescataron a un perrito que ya llevaba cuatro d√≠as atrapado en las instalaciones del  @MetroCDMX #Nopalera en la l√≠nea 12. Un gran trabajo. https://t.co/y7mL9YyDsV",linea12,cuatro Nopalera ,1
405,405,405,07-nov-19,1:11:52,"En su bonita secci√≥n ""No todos los h√©roes llevan capa"" 

Estos trabajadores rescataron a un perrito que ya llevaba cuatro d√≠as atrapado en las instalaciones del  @MetroCDMX #Nopalera en la l√≠nea 12. Un gran trabajo. https://t.co/y7mL9YyDsV",linea12,cuatro Nopalera ,1
408,408,408,07-nov-19,1:12:17,"En su bonita secci√≥n ""No todos los h√©roes llevan capa"" 

Estos trabajadores rescataron a un perrito que ya llevaba cuatro d√≠as atrapado en las instalaciones del  @MetroCDMX #Nopalera en la l√≠nea 12. Un gran trabajo. https://t.co/y7mL9YyDsV",linea12,cuatro Nopalera ,1
409,409,409,07-nov-19,1:13:30,"En su bonita secci√≥n ""No todos los h√©roes llevan capa"" 

Estos trabajadores rescataron a un perrito que ya llevaba cuatro d√≠as atrapado en las instalaciones del  @MetroCDMX #Nopalera en la l√≠nea 12. Un gran trabajo. https://t.co/y7mL9YyDsV",linea12,cuatro Nopalera ,1
412,412,412,07-nov-19,1:14:04,"Si asistes al Paseo Nocturno en Bicicleta este 9 de noviembre ¬°te tenemos una buena noticia!

üî∏Accede al @MetroCDMX con tu bici a partir de las 17:00 h hasta finalizar el servicio

üî∏Accede a @MetrobusCDMX todo el d√≠a, a excepci√≥n de 12:00 a 17:00 h

Excelente servicio‚≠ê‚≠ê‚≠ê‚≠ê‚≠ê https://t.co/S8xczsgyzI",,,1
413,413,413,07-nov-19,1:14:20,"@MetroCDMX AH√ç SIGUEN LOS BOCINEROS DE L√çNEA 4 SE SUBEN EN CANDELARIA DIRECCI√ìN SANTA ANITA, SU HORARIO SIMRPRE ES EN LA TARDE 2:30PM NO HAY SEGURIDAD INSTITUCIONAL Y MENOS AUXILIAR https://t.co/nSJlKHu56M",linea4,CANDELARIA CANDELARIA SANTA ANITA ,1
414,414,414,07-nov-19,1:14:21,"Pues que los ni√±os se paren m√°s temprano, ¬øO tambi√©n quiere que vayamos a levantarlos? https://t.co/9ZAOMSlhWv",,,1
418,418,418,07-nov-19,1:14:43,@MetroCDMXQuejas @MetroCDMX Pen√∫ltimo vag√≥n #L9 se bajo en chabacano,linea9,chabacano chabacano ,0
420,420,420,07-nov-19,1:14:55,"En su bonita secci√≥n ""No todos los h√©roes llevan capa"" 

Estos trabajadores rescataron a un perrito que ya llevaba cuatro d√≠as atrapado en las instalaciones del  @MetroCDMX #Nopalera en la l√≠nea 12. Un gran trabajo. https://t.co/y7mL9YyDsV",linea2 ,cuatro Nopalera ,1
421,421,421,07-nov-19,1:14:57,"Esto üê∂ üíñ üëè üëáüèº

Este perrito qued√≥ atrapado a 8 metros de altura en un caj√≥n de v√≠as en la estaci√≥n #Nopalera de la L√≠nea 12; fue rescatado sano y salvo y fue trasladado al Centro de Transferencia Canina @MetroCDMX https://t.co/LxOy7FWzDO",linea12,Centro Centro Nopalera ,0
422,422,422,07-nov-19,1:15:00,"En su bonita secci√≥n ""No todos los h√©roes llevan capa"" 

Estos trabajadores rescataron a un perrito que ya llevaba cuatro d√≠as atrapado en las instalaciones del  @MetroCDMX #Nopalera en la l√≠nea 12. Un gran trabajo. https://t.co/y7mL9YyDsV",linea12,cuatro Nopalera ,1
426,426,426,07-nov-19,1:16:03,"@MetroCDMX Cero y van 3 convoyes sin poder abordar, con todo, enviaron convoy vac√≠o. Estaci√≥n Coyoac√°n  direcci√≥n Indios Verdes https://t.co/gpLCDxWif5",linea3,Indios Verdes ,1
427,427,427,07-nov-19,1:17:51,"@MetroCDMX  hay un hombre en el vag√≥n de mujeres, en la l√≠nea 3 direcci√≥n indios verdes, y ya pasamos tres estaciones y no hay ni un solo polic√≠a ....",linea3,indios verdes ,0
428,428,428,07-nov-19,1:18:29,"Pues que los ni√±os se paren m√°s temprano, ¬øO tambi√©n quiere que vayamos a levantarlos? https://t.co/9ZAOMSlhWv",,,1
431,431,431,07-nov-19,1:19:38,@MetroCDMX hay unos fulanos llamados vagoneros que est√°n fumando marihuana en metro panteones direcci√≥n cuatro caminos. Por donde est√°n las esculturas . Y ya se subieron al tren direcci√≥n cuatro caminos van y vienen en el tren,linea2 ,panteones cuatro cuatro caminos ,0
432,432,432,07-nov-19,1:19:44,"En su bonita secci√≥n ""No todos los h√©roes llevan capa"" 

Estos trabajadores rescataron a un perrito que ya llevaba cuatro d√≠as atrapado en las instalaciones del  @MetroCDMX #Nopalera en la l√≠nea 12. Un gran trabajo. https://t.co/y7mL9YyDsV",linea12,cuatro Nopalera ,1
433,433,433,07-nov-19,1:19:53,"En su bonita secci√≥n ""No todos los h√©roes llevan capa"" 

Estos trabajadores rescataron a un perrito que ya llevaba cuatro d√≠as atrapado en las instalaciones del  @MetroCDMX #Nopalera en la l√≠nea 12. Un gran trabajo. https://t.co/y7mL9YyDsV",linea12,cuatro Nopalera ,1
435,435,435,07-nov-19,1:20:26,"Pues que los ni√±os se paren m√°s temprano, ¬øO tambi√©n quiere que vayamos a levantarlos? https://t.co/9ZAOMSlhWv",,,1
436,436,436,07-nov-19,1:20:35,"Pues que los ni√±os se paren m√°s temprano, ¬øO tambi√©n quiere que vayamos a levantarlos? https://t.co/9ZAOMSlhWv",,,1
437,437,437,07-nov-19,1:20:50,@MetroCDMX Tambi√©n cheque Santa Martha y la l√≠nea que va al Estado de M√©xico la paz est√° muy insegura y llena de asaltos y drogadictos en los vagones,linea4 ,Santa paz ,1
438,438,438,07-nov-19,1:20:54,"Pues que los ni√±os se paren m√°s temprano, ¬øO tambi√©n quiere que vayamos a levantarlos? https://t.co/9ZAOMSlhWv",,,1
439,439,439,07-nov-19,1:21:03,"Pues que los ni√±os se paren m√°s temprano, ¬øO tambi√©n quiere que vayamos a levantarlos? https://t.co/9ZAOMSlhWv",,,1
441,441,441,07-nov-19,1:21:09,"En su bonita secci√≥n ""No todos los h√©roes llevan capa"" 

Estos trabajadores rescataron a un perrito que ya llevaba cuatro d√≠as atrapado en las instalaciones del  @MetroCDMX #Nopalera en la l√≠nea 12. Un gran trabajo. https://t.co/y7mL9YyDsV",linea2 ,cuatro Nopalera ,1
444,444,444,07-nov-19,1:21:43,"En su bonita secci√≥n ""No todos los h√©roes llevan capa"" 

Estos trabajadores rescataron a un perrito que ya llevaba cuatro d√≠as atrapado en las instalaciones del  @MetroCDMX #Nopalera en la l√≠nea 12. Un gran trabajo. https://t.co/y7mL9YyDsV",linea2 ,cuatro Nopalera ,1
446,446,446,07-nov-19,1:22:10,@MetroCDMX @dogazalu @Claudiashein @SSP_CDMX Sus recorridos son imaginarios solo posan para la foto en estos momentos estan los vagoneros en todo su esplendor vag√≥n R.3851 saliendo de Cuatro Caminos,linea2 ,Cuatro Caminos ,1
447,447,447,07-nov-19,1:22:51,"En su bonita secci√≥n ""No todos los h√©roes llevan capa"" 

Estos trabajadores rescataron a un perrito que ya llevaba cuatro d√≠as atrapado en las instalaciones del  @MetroCDMX #Nopalera en la l√≠nea 12. Un gran trabajo. https://t.co/y7mL9YyDsV",linea2 ,cuatro Nopalera ,1
449,449,449,07-nov-19,1:25:09,"Pues que los ni√±os se paren m√°s temprano, ¬øO tambi√©n quiere que vayamos a levantarlos? https://t.co/9ZAOMSlhWv",,,1
450,450,450,07-nov-19,1:25:22,"Pues que los ni√±os se paren m√°s temprano, ¬øO tambi√©n quiere que vayamos a levantarlos? https://t.co/9ZAOMSlhWv",,,1
451,451,451,07-nov-19,1:25:31,@Claudiashein @MetroCDMX @SSPCMexico De nuevo un acceso a mujeres y ni√±os bloqueado en metro Tacubaya. Exhortandoles que en caso de siniestro se nos bloquea a los usuarios una salida de emergencia. Espero respondan y una pronta soluci√≥n. Por qu√© nunca lo hacen. @lopezobrador_ https://t.co/leVenw9M9J,linea3 ,ni√±os ,0
452,452,452,07-nov-19,1:25:58,"En su bonita secci√≥n ""No todos los h√©roes llevan capa"" 

Estos trabajadores rescataron a un perrito que ya llevaba cuatro d√≠as atrapado en las instalaciones del  @MetroCDMX #Nopalera en la l√≠nea 12. Un gran trabajo. https://t.co/y7mL9YyDsV",linea12,cuatro Nopalera ,1
454,454,454,07-nov-19,1:26:42,"Pues que los ni√±os se paren m√°s temprano, ¬øO tambi√©n quiere que vayamos a levantarlos? https://t.co/9ZAOMSlhWv",,,1
455,455,455,07-nov-19,1:28:10,@MetroCDMX @dogazalu @Claudiashein @SSP_CDMX Sus recorridos son imaginarios solo posan para la foto en estos momentos estan los vagoneros en todo su esplendor vag√≥n R.3851 saliendo de Cuatro Caminos,linea2 ,Cuatro Caminos ,1
456,456,456,07-nov-19,1:30:37,"En su bonita secci√≥n ""No todos los h√©roes llevan capa"" 

Estos trabajadores rescataron a un perrito que ya llevaba cuatro d√≠as atrapado en las instalaciones del  @MetroCDMX #Nopalera en la l√≠nea 12. Un gran trabajo. https://t.co/y7mL9YyDsV",linea12,cuatro Nopalera ,1
458,458,458,07-nov-19,1:31:46,"En su bonita secci√≥n ""No todos los h√©roes llevan capa"" 

Estos trabajadores rescataron a un perrito que ya llevaba cuatro d√≠as atrapado en las instalaciones del  @MetroCDMX #Nopalera en la l√≠nea 12. Un gran trabajo. https://t.co/y7mL9YyDsV",linea2 ,cuatro Nopalera ,1
459,459,459,07-nov-19,1:32:44,"@MARIA70392235 @MetroCDMX No s√≥lo eso, yo tome el tren en Ju√°rez direcci√≥n indios verdes y se est√° tardando demas√≠ado en cerrar las puertas, adem√°s de que se est√°n subiendo demasiados vendedores, agrega el calor y olores ü§¢",linea3 ,indios verdes ,0
461,461,461,07-nov-19,1:33:07,"En su bonita secci√≥n ""No todos los h√©roes llevan capa"" 

Estos trabajadores rescataron a un perrito que ya llevaba cuatro d√≠as atrapado en las instalaciones del  @MetroCDMX #Nopalera en la l√≠nea 12. Un gran trabajo. https://t.co/y7mL9YyDsV",linea2 ,cuatro Nopalera ,1
462,462,462,07-nov-19,1:33:13,"Pues que los ni√±os se paren m√°s temprano, ¬øO tambi√©n quiere que vayamos a levantarlos? https://t.co/9ZAOMSlhWv",,,1
463,463,463,07-nov-19,1:33:38,"En su bonita secci√≥n ""No todos los h√©roes llevan capa"" 

Estos trabajadores rescataron a un perrito que ya llevaba cuatro d√≠as atrapado en las instalaciones del  @MetroCDMX #Nopalera en la l√≠nea 12. Un gran trabajo. https://t.co/y7mL9YyDsV",linea2 ,cuatro Nopalera ,1
464,464,464,07-nov-19,1:33:44,"En su bonita secci√≥n ""No todos los h√©roes llevan capa"" 

Estos trabajadores rescataron a un perrito que ya llevaba cuatro d√≠as atrapado en las instalaciones del  @MetroCDMX #Nopalera en la l√≠nea 12. Un gran trabajo. https://t.co/y7mL9YyDsV",linea2 ,cuatro Nopalera ,1
465,465,465,07-nov-19,1:33:45,"Pues que los ni√±os se paren m√°s temprano, ¬øO tambi√©n quiere que vayamos a levantarlos? https://t.co/9ZAOMSlhWv",,,1
467,467,467,07-nov-19,1:34:09,"En su bonita secci√≥n ""No todos los h√©roes llevan capa"" 

Estos trabajadores rescataron a un perrito que ya llevaba cuatro d√≠as atrapado en las instalaciones del  @MetroCDMX #Nopalera en la l√≠nea 12. Un gran trabajo. https://t.co/y7mL9YyDsV",linea2 ,cuatro Nopalera ,1
468,468,468,07-nov-19,1:34:15,"En su bonita secci√≥n ""No todos los h√©roes llevan capa"" 

Estos trabajadores rescataron a un perrito que ya llevaba cuatro d√≠as atrapado en las instalaciones del  @MetroCDMX #Nopalera en la l√≠nea 12. Un gran trabajo. https://t.co/y7mL9YyDsV",linea2 ,cuatro Nopalera ,1
470,470,470,07-nov-19,1:35:12,"En su bonita secci√≥n ""No todos los h√©roes llevan capa"" 

Estos trabajadores rescataron a un perrito que ya llevaba cuatro d√≠as atrapado en las instalaciones del  @MetroCDMX #Nopalera en la l√≠nea 12. Un gran trabajo. https://t.co/y7mL9YyDsV",linea2 ,cuatro Nopalera ,1
471,471,471,07-nov-19,1:35:28,"Pues que los ni√±os se paren m√°s temprano, ¬øO tambi√©n quiere que vayamos a levantarlos? https://t.co/9ZAOMSlhWv",,,1
473,473,473,07-nov-19,1:35:36,@MetroCDMX #L3 no est√° lloviendo porque tan lento llevamos 10 min en el t√∫nel,linea3,,0
474,474,474,07-nov-19,1:36:14,"Pues que los ni√±os se paren m√°s temprano, ¬øO tambi√©n quiere que vayamos a levantarlos? https://t.co/9ZAOMSlhWv",,,1
476,476,476,07-nov-19,1:37:23,"Pues que los ni√±os se paren m√°s temprano, ¬øO tambi√©n quiere que vayamos a levantarlos? https://t.co/9ZAOMSlhWv",,,1
477,477,477,07-nov-19,1:38:12,@MetroCDMX Alguien sabe como va la l√≠nea 9?,linea9,,1
479,479,479,07-nov-19,1:38:20,"En su bonita secci√≥n ""No todos los h√©roes llevan capa"" 

Estos trabajadores rescataron a un perrito que ya llevaba cuatro d√≠as atrapado en las instalaciones del  @MetroCDMX #Nopalera en la l√≠nea 12. Un gran trabajo. https://t.co/y7mL9YyDsV",linea2 ,cuatro Nopalera ,1
480,480,480,07-nov-19,1:38:35,@MetroCDMX En chabacano esta hasta el gorro no se puede subir al tren,linea8 ,chabacano chabacano ,0
484,484,484,07-nov-19,1:40:21,@MetroCDMX Detenida #L3,linea3,,0
485,485,485,07-nov-19,1:40:50,"En su bonita secci√≥n ""No todos los h√©roes llevan capa"" 

Estos trabajadores rescataron a un perrito que ya llevaba cuatro d√≠as atrapado en las instalaciones del  @MetroCDMX #Nopalera en la l√≠nea 12. Un gran trabajo. https://t.co/y7mL9YyDsV",linea2 ,cuatro Nopalera ,1
486,486,486,07-nov-19,1:40:56,@MetroCDMX ¬øQu√© pasa en pantitlan Linea A? Esta saturado hasta los transbordes,linea1 ,pantitlan pantitlan pantitlan pantitlan ,1
487,487,487,07-nov-19,1:41:27,"@MetroCDMX Hola, buenas noches.
¬øPodr√≠a hacer algo con respecto a las personas que se suben por el lado que no corresponde?
Estoy en el metro Universidad y se me hace injusto, tanto para los dem√°s usuarios que s√≠ respetamos las reglas al momento de abordar.

De antemano, gracias. https://t.co/xXeVkvWhvh",linea3 ,Universidad ,1
490,490,490,07-nov-19,1:42:40,"@MetroCDMX L√≠nea B metro Garibaldi a Morelos, tiempo de trayecto 20 minutos.",linea4 ,Morelos Garibaldi Morelos ,1
492,492,492,07-nov-19,1:42:57,"Hagan algo, no inventen 
Est√° full la estaci√≥n del @MetroCDMX #Chabacano",linea8 ,Chabacano Chabacano ,0
494,494,494,07-nov-19,1:43:04,"Pues que los ni√±os se paren m√°s temprano, ¬øO tambi√©n quiere que vayamos a levantarlos? https://t.co/9ZAOMSlhWv",,,1
495,495,495,07-nov-19,1:43:44,"Si asistes al Paseo Nocturno en Bicicleta este 9 de noviembre ¬°te tenemos una buena noticia!

üî∏Accede al @MetroCDMX con tu bici a partir de las 17:00 h hasta finalizar el servicio

üî∏Accede a @MetrobusCDMX todo el d√≠a, a excepci√≥n de 12:00 a 17:00 h

Excelente servicio‚≠ê‚≠ê‚≠ê‚≠ê‚≠ê https://t.co/S8xczsgyzI",,,1
496,496,496,07-nov-19,1:43:47,@MetroCDMX Alguien sabe c√≥mo est√° l√≠nea 9 en Tacubaya,linea9,Tacubaya Tacubaya Tacubaya ,1
497,497,497,07-nov-19,1:44:04,"En su bonita secci√≥n ""No todos los h√©roes llevan capa"" 

Estos trabajadores rescataron a un perrito que ya llevaba cuatro d√≠as atrapado en las instalaciones del  @MetroCDMX #Nopalera en la l√≠nea 12. Un gran trabajo. https://t.co/y7mL9YyDsV",linea2 ,cuatro Nopalera ,1
499,499,499,07-nov-19,1:44:29,"En su bonita secci√≥n ""No todos los h√©roes llevan capa"" 

Estos trabajadores rescataron a un perrito que ya llevaba cuatro d√≠as atrapado en las instalaciones del  @MetroCDMX #Nopalera en la l√≠nea 12. Un gran trabajo. https://t.co/y7mL9YyDsV",linea2 ,cuatro Nopalera ,1
500,500,500,07-nov-19,1:45:01,"En su bonita secci√≥n ""No todos los h√©roes llevan capa"" 

Estos trabajadores rescataron a un perrito que ya llevaba cuatro d√≠as atrapado en las instalaciones del  @MetroCDMX #Nopalera en la l√≠nea 12. Un gran trabajo. https://t.co/y7mL9YyDsV",linea2 ,cuatro Nopalera ,1
501,501,501,07-nov-19,1:45:25,"@MetroCDMX ‚ö†Ô∏è‚ö†Ô∏èAviso #LineaB para no decepcionar hasta la mad....(Direcci√≥n Ciudad Azteca ) Y con marcha lent√≠sima; intervalo entre trenes 5 min, sumenle que siempre hay usuarios que no entienden que la mochila en los vagones viaja abajo y no en la espalda ‚ö†Ô∏è‚ö†Ô∏è",linea5,,1
503,503,503,07-nov-19,1:46:03,@MetroCDMX Como va la linea 1,linea1,,0
504,504,504,07-nov-19,1:46:56,"Pues que los ni√±os se paren m√°s temprano, ¬øO tambi√©n quiere que vayamos a levantarlos? https://t.co/9ZAOMSlhWv",,,1
505,505,505,07-nov-19,1:47:14,"En su bonita secci√≥n ""No todos los h√©roes llevan capa"" 

Estos trabajadores rescataron a un perrito que ya llevaba cuatro d√≠as atrapado en las instalaciones del  @MetroCDMX #Nopalera en la l√≠nea 12. Un gran trabajo. https://t.co/y7mL9YyDsV",linea2 ,cuatro Nopalera ,1
506,506,506,07-nov-19,1:47:58,"Pues que los ni√±os se paren m√°s temprano, ¬øO tambi√©n quiere que vayamos a levantarlos? https://t.co/9ZAOMSlhWv",,,1
508,508,508,07-nov-19,1:48:31,"A 8 metros de altura, trabajadores del @MetroCDMX realizan el rescate de un can en tramo de la L√≠nea 12 https://t.co/yBDwm3htOU https://t.co/YHYuiJ3sLB",linea12,,0
510,510,510,07-nov-19,1:48:51,"En su bonita secci√≥n ""No todos los h√©roes llevan capa"" 

Estos trabajadores rescataron a un perrito que ya llevaba cuatro d√≠as atrapado en las instalaciones del  @MetroCDMX #Nopalera en la l√≠nea 12. Un gran trabajo. https://t.co/y7mL9YyDsV",linea2 ,cuatro Nopalera ,1
517,517,517,07-nov-19,1:52:08,"Personal de las √°reas de @CNPC_MX del @MetroCDMX rescataron a un can que se encontraba atrapado en las v√≠as de la estaci√≥n Nopalera, en la L√≠nea 12. ü¶Æüöá
https://t.co/wdfRAwSqyD",linea12 ,Nopalera ,1
518,518,518,07-nov-19,1:52:58,"Pues que los ni√±os se paren m√°s temprano, ¬øO tambi√©n quiere que vayamos a levantarlos? https://t.co/9ZAOMSlhWv",,,1
521,521,521,07-nov-19,1:53:49,"En su bonita secci√≥n ""No todos los h√©roes llevan capa"" 

Estos trabajadores rescataron a un perrito que ya llevaba cuatro d√≠as atrapado en las instalaciones del  @MetroCDMX #Nopalera en la l√≠nea 12. Un gran trabajo. https://t.co/y7mL9YyDsV",linea2 ,cuatro Nopalera ,1
522,522,522,07-nov-19,1:54:00,@MetroCDMX no se supone que el asiento en la imagen es reservado? Vag√≥n M0524 estaci√≥n salto del agua direcci√≥n Pantitlan https://t.co/JSOX4JTUtJ,linea1 ,salto agua Pantitlan Pantitlan salto agua Pantitlan Pantitlan ,1
523,523,523,07-nov-19,1:54:14,@MetroCDMX La #L9 est√° de la mierda 15 minutos haciendo base en Chilpancingo que pasa,linea9,Chilpancingo ,0
528,528,528,07-nov-19,1:55:59,"Esto üê∂ üíñ üëè üëáüèº

Este perrito qued√≥ atrapado a 8 metros de altura en un caj√≥n de v√≠as en la estaci√≥n #Nopalera de la L√≠nea 12; fue rescatado sano y salvo y fue trasladado al Centro de Transferencia Canina @MetroCDMX https://t.co/LxOy7FWzDO",linea12,Centro Centro Nopalera ,0
532,532,532,07-nov-19,1:57:32,"En su bonita secci√≥n ""No todos los h√©roes llevan capa"" 

Estos trabajadores rescataron a un perrito que ya llevaba cuatro d√≠as atrapado en las instalaciones del  @MetroCDMX #Nopalera en la l√≠nea 12. Un gran trabajo. https://t.co/y7mL9YyDsV",linea2 ,cuatro Nopalera ,1
533,533,533,07-nov-19,1:57:41,"Pues que los ni√±os se paren m√°s temprano, ¬øO tambi√©n quiere que vayamos a levantarlos? https://t.co/9ZAOMSlhWv",,,1
534,534,534,07-nov-19,1:57:48,"En su bonita secci√≥n ""No todos los h√©roes llevan capa"" 

Estos trabajadores rescataron a un perrito que ya llevaba cuatro d√≠as atrapado en las instalaciones del  @MetroCDMX #Nopalera en la l√≠nea 12. Un gran trabajo. https://t.co/y7mL9YyDsV",linea2 ,cuatro Nopalera ,1
535,535,535,07-nov-19,1:59:44,Desde la Glorieta del @MetroCDMX estaci√≥n Insurgentes @repor33 platica con @estarc62 https://t.co/IorpPZGCYB,linea1 ,Insurgentes ,0
536,536,536,07-nov-19,2:00:05,"En su bonita secci√≥n ""No todos los h√©roes llevan capa"" 

Estos trabajadores rescataron a un perrito que ya llevaba cuatro d√≠as atrapado en las instalaciones del  @MetroCDMX #Nopalera en la l√≠nea 12. Un gran trabajo. https://t.co/y7mL9YyDsV",linea2 ,cuatro Nopalera ,1
538,538,538,07-nov-19,3:01:10,"Pues que los ni√±os se paren m√°s temprano, ¬øO tambi√©n quiere que vayamos a levantarlos? https://t.co/9ZAOMSlhWv",,,1
539,539,539,07-nov-19,3:01:21,"Pues que los ni√±os se paren m√°s temprano, ¬øO tambi√©n quiere que vayamos a levantarlos? https://t.co/9ZAOMSlhWv",,,1
542,542,542,07-nov-19,3:02:47,¬øCu√°ntas veces tendr√© que twittear que las escaleras el√©ctricas del #copilco #L3 no funcionan? Desde agosto a lo que va de noviembre f√°cil funcionaron semana y media. @MetroCDMX,linea3,copilco ,0
543,543,543,07-nov-19,3:03:38,"Pues que los ni√±os se paren m√°s temprano, ¬øO tambi√©n quiere que vayamos a levantarlos? https://t.co/9ZAOMSlhWv",,,1
544,544,544,07-nov-19,3:03:56,"Pues que los ni√±os se paren m√°s temprano, ¬øO tambi√©n quiere que vayamos a levantarlos? https://t.co/9ZAOMSlhWv",,,1
546,546,546,07-nov-19,3:04:59,"Pues que los ni√±os se paren m√°s temprano, ¬øO tambi√©n quiere que vayamos a levantarlos? https://t.co/9ZAOMSlhWv",,,1
548,548,548,07-nov-19,3:05:21,"En su bonita secci√≥n ""No todos los h√©roes llevan capa"" 

Estos trabajadores rescataron a un perrito que ya llevaba cuatro d√≠as atrapado en las instalaciones del  @MetroCDMX #Nopalera en la l√≠nea 12. Un gran trabajo. https://t.co/y7mL9YyDsV",linea2 ,cuatro Nopalera ,1
549,549,549,07-nov-19,3:05:42,"Personal del @MetroCDMX , rescat√≥ a un can que se encontraba atrapado en el exterior del caj√≥n de v√≠as de la estaci√≥n Nopalera, en el tramo elevado de la L√≠nea 12.

https://t.co/69vuHqnASq",linea12 ,Nopalera ,0
552,552,552,07-nov-19,3:08:16,"üöá#AvisoMetroüöá
As√≠ el servicio del #MetroCDMX @MetroCDMX esta nochecita del #6nov2019 #2DeNoviembre

@metroCdmxL3 #L√≠nea3 #L3 

#LadeHoyDelMetro
#MovilidadCDMX 

En espera de sus #fotorreportes
üëáüëáüëá https://t.co/21tTH3X9GP",linea3,,0
553,553,553,07-nov-19,3:10:11,@MetroCDMX Pe√±√≥n viejo https://t.co/wWdj7RXXbn,lineaA ,viejo ,0
554,554,554,07-nov-19,3:11:40,"Pues que los ni√±os se paren m√°s temprano, ¬øO tambi√©n quiere que vayamos a levantarlos? https://t.co/9ZAOMSlhWv",,,1
555,555,555,07-nov-19,3:12:11,"Pues que los ni√±os se paren m√°s temprano, ¬øO tambi√©n quiere que vayamos a levantarlos? https://t.co/9ZAOMSlhWv",,,1
556,556,556,07-nov-19,3:12:37,@MetroCDMX Y ahora valiendo verga la linea 9 lrnta direcci√≥n panti,linea9,panti ,1
557,557,557,07-nov-19,3:13:02,@MetroCDMX Aqu√≠ est√°n tus 5 minutos en estaci√≥n pe√±√≥n viejo de l√≠nea A https://t.co/37RjUHSF1c,linea5,viejo ,0
558,558,558,07-nov-19,3:13:49,"@kathyefe @MetroCDMX @CDMXMetro Pobres ni√±os que futuro les espera con esa madre tan corriente y naca, pobrecitos",linea3 ,ni√±os ,1
559,559,559,07-nov-19,3:14:07,"En su bonita secci√≥n ""No todos los h√©roes llevan capa"" 

Estos trabajadores rescataron a un perrito que ya llevaba cuatro d√≠as atrapado en las instalaciones del  @MetroCDMX #Nopalera en la l√≠nea 12. Un gran trabajo. https://t.co/y7mL9YyDsV",linea2 ,cuatro Nopalera ,1
562,562,562,07-nov-19,3:15:35,@MetroCDMX @Vanished_ M√°s de una 1 hora tardas en enviar unas fotos,linea1,,1
563,563,563,07-nov-19,3:16:26,"@kathyefe @aquasaver19 @MetroCDMX @CDMXMetro Lev√°ntese m√°s temprano pinch√© hievona, quiere exigir vag√≥n exclusivo, meta a sus ni√±os a un colegio donde pasen a recogerlos o c√≥mprese un carro y d√©jese de quejar vieja fodonga",linea2 ,colegio ni√±os ,0
568,568,568,07-nov-19,3:19:58,"Y ayer se quisieron jalar a dos chavas en pleno paradero del @MetroCDMX Indios Verdes a las 6:30 de la noche. Y no, no eres paranoica. https://t.co/OhaYVxRRyp",linea3,Indios Verdes ,1
570,570,570,07-nov-19,3:21:30,"üöá#AvisoMetroüöá

As√≠ el servicio del #MetroCDMX @MetroCDMX esta nochecita del #6nov2019 #6DeNoviembre

Hagamos HT #Nom√°sfallasMetroCDMX

#L√≠nea9 #L9 

#LadeHoyDelMetro
#MovilidadCDMX 

En espera de sus #fotorreportes
üëáüëáüëá https://t.co/BCYtFFWDMT",linea9,,0
571,571,571,07-nov-19,3:21:43,"@im19ok @MetroCDMX @CDMXMetro Tu si pareces haber votado por AMLO yo me queje por los ni√±os, por qu√© ellos son prioridad, por qu√© al estudiante se le ds facilidad. Y t√∫ comenzaste a ofender",linea3 ,ni√±os ,0
572,572,572,07-nov-19,3:21:47,@MetroCDMX La 9 viene poco lenta,linea9,,0
574,574,574,07-nov-19,3:22:14,"Pues que los ni√±os se paren m√°s temprano, ¬øO tambi√©n quiere que vayamos a levantarlos? https://t.co/9ZAOMSlhWv",,,1
577,577,577,07-nov-19,3:24:23,"En su bonita secci√≥n ""No todos los h√©roes llevan capa"" 

Estos trabajadores rescataron a un perrito que ya llevaba cuatro d√≠as atrapado en las instalaciones del  @MetroCDMX #Nopalera en la l√≠nea 12. Un gran trabajo. https://t.co/y7mL9YyDsV",linea2 ,cuatro Nopalera ,1
578,578,578,07-nov-19,3:24:25,"Esto üê∂ üíñ üëè üëáüèº

Este perrito qued√≥ atrapado a 8 metros de altura en un caj√≥n de v√≠as en la estaci√≥n #Nopalera de la L√≠nea 12; fue rescatado sano y salvo y fue trasladado al Centro de Transferencia Canina @MetroCDMX https://t.co/LxOy7FWzDO",linea12,Centro Centro Nopalera ,0
584,584,584,07-nov-19,3:26:23,De Reyes Magos unas escaleras el√©ctricas en Metro Mixcoac por favor. @PedroFerriz @MetroCDMX @GobCDMX https://t.co/bNEo7rE9P8,lineaA ,Reyes Mixcoac ,1
586,586,586,07-nov-19,3:26:53,"Pues que los ni√±os se paren m√°s temprano, ¬øO tambi√©n quiere que vayamos a levantarlos? https://t.co/9ZAOMSlhWv",,,1
588,588,588,07-nov-19,3:27:08,"üöá#AvisoMetroüöá

As√≠ el servicio del #MetroCDMX @MetroCDMX
#6nov2019 #6DeNoviembre

Hagamos HT #Nom√°sfallasMetroCDMX

#L√≠nea9 #L9 sigue con algo de atraso

#LadeHoyDelMetro
#MovilidadCDMX 

En espera de sus #fotorreportes
üëáüëáüëá https://t.co/D0ju83F1f7",linea9,,0
589,589,589,07-nov-19,3:27:18,"Pues que los ni√±os se paren m√°s temprano, ¬øO tambi√©n quiere que vayamos a levantarlos? https://t.co/9ZAOMSlhWv",,,1
592,592,592,07-nov-19,3:28:37,"Pues que los ni√±os se paren m√°s temprano, ¬øO tambi√©n quiere que vayamos a levantarlos? https://t.co/9ZAOMSlhWv",,,1
593,593,593,07-nov-19,3:28:39,@MetroCDMX diario miles de personas tienen que subir escaleras pra cruzar del otro lado del and√©n en la estaci√≥n Mixcoac... URGE QUE HABILITEN OTRAS ESCALERAS. Hoy terminaron a golpes los usuarios y todos los d√≠as hay enfrentamientos que nos ponen en riesgo. https://t.co/riTChtoUrT,linea12 ,Mixcoac ,0
594,594,594,07-nov-19,3:28:41,"Pues que los ni√±os se paren m√°s temprano, ¬øO tambi√©n quiere que vayamos a levantarlos? https://t.co/9ZAOMSlhWv",,,1
596,596,596,07-nov-19,3:29:39,"En su bonita secci√≥n ""No todos los h√©roes llevan capa"" 

Estos trabajadores rescataron a un perrito que ya llevaba cuatro d√≠as atrapado en las instalaciones del  @MetroCDMX #Nopalera en la l√≠nea 12. Un gran trabajo. https://t.co/y7mL9YyDsV",linea2 ,cuatro Nopalera ,1
599,599,599,07-nov-19,3:31:03,@MetroCDMX @Barrynosoy Tambi√©n haber cuando pueden reparar el puente de la salida hacia el paradero de Pantitl√°n l√≠nea 9 est√° en muy mal estado desde el comienzo hasta el final ya lleva varios meses as√≠,linea9,,0
600,600,600,07-nov-19,3:31:09,"@MetroCDMX L√≠nea A direcci√≥n La Paz, hasta 3 vendedores por vag√≥n, molestando a un grupo de chicos de prepa insistiendo la compra de sus dulces. Tren por llegar a estaci√≥n La Paz detenido en los reyes siendo las 21:31",linea3,Paz Paz reyes ,1
601,601,601,07-nov-19,3:31:50,"Pues que los ni√±os se paren m√°s temprano, ¬øO tambi√©n quiere que vayamos a levantarlos? https://t.co/9ZAOMSlhWv",,,1
602,602,602,07-nov-19,3:33:25,"Pues que los ni√±os se paren m√°s temprano, ¬øO tambi√©n quiere que vayamos a levantarlos? https://t.co/9ZAOMSlhWv",,,1
603,603,603,07-nov-19,3:34:36,"Pues que los ni√±os se paren m√°s temprano, ¬øO tambi√©n quiere que vayamos a levantarlos? https://t.co/9ZAOMSlhWv",,,1
606,606,606,07-nov-19,3:35:37,"üöá#AvisoMetroüöá

As√≠ el servicio del #MetroCDMX @MetroCDMX esta nochecita del #6nov2019 #6DeNoviembre

Hagamos HT #Nom√°sfallasMetroCDMX

#L√≠nea9 #L9 

#LadeHoyDelMetro
#MovilidadCDMX 

En espera de sus #fotorreportes
üëáüëáüëá https://t.co/KOK0bXf3gn https://t.co/BCYtFFWDMT",linea9,,0
609,609,609,07-nov-19,3:38:01,"Pues que los ni√±os se paren m√°s temprano, ¬øO tambi√©n quiere que vayamos a levantarlos? https://t.co/9ZAOMSlhWv",,,1
611,611,611,07-nov-19,3:39:32,"@MetroCDMX Esperando a qu√© lo reparen, m√°s de dos meses as√≠ . ü§® L√≠nea 9 de Pantitl√°n https://t.co/XcIJRCuCDQ",linea9,,0
614,614,614,07-nov-19,3:44:36,"Ayer anduve tooooodo el d√≠a en @MetroCDMX üôà 
Me perd√≠ en 3 transbordos. 
Me pase dos veces de estaci√≥n 
Entr√© en una estaci√≥n donde no venden boletos, solo tarjeta. 
Me sacaron el zapato. 
Pase abajo de las fuentes de agua que se hacen al llover. 1/2",,,0
616,616,616,07-nov-19,3:45:48,@CarlosTejedaA @MetroCDMX @telediario esto es puente que lleva hacia el paradero de Pantitl√°n l√≠nea 9 lleva varios meses as√≠ y no lo pueden reparar ya hasta la varillas est√°n a la vista. https://t.co/7xUX25ie8I,linea9,,0
617,617,617,07-nov-19,3:45:48,"@MetroCDMX yo necesito saber si sacaron a salvo al perrito que estaba en las v√≠as en la estaci√≥n Santa Martha, como a las 3 p.m. 

Que casi me muero al ver que corri√≥ hac√≠a el tren (: https://t.co/Hg84aJuZ9s",linea3,Santa ,0
618,618,618,07-nov-19,3:46:04,"Pues que los ni√±os se paren m√°s temprano, ¬øO tambi√©n quiere que vayamos a levantarlos? https://t.co/9ZAOMSlhWv",,,1
619,619,619,07-nov-19,3:47:27,"Esto üê∂ üíñ üëè üëáüèº

Este perrito qued√≥ atrapado a 8 metros de altura en un caj√≥n de v√≠as en la estaci√≥n #Nopalera de la L√≠nea 12; fue rescatado sano y salvo y fue trasladado al Centro de Transferencia Canina @MetroCDMX https://t.co/LxOy7FWzDO",linea12,Centro Centro Nopalera ,0
623,623,623,07-nov-19,3:48:36,"#VIDEO

üê∂üôåüöá
Estos h√©roes salvaron a un perrito que ten√≠a 4 d√≠as atrapado en la L√≠nea 12 del @MetroCDMX
checa aqu√≠ el rescate https://t.co/7FBe8nWO2r",linea12,,1
624,624,624,07-nov-19,3:49:49,"@MetroCDMX Persona muy molesta. L3. Dir. Indios Verdes. Actuando o algo as√≠. Carro N.1403. Golpea, grita, etc.",linea3 ,Indios ,1
627,627,627,07-nov-19,3:51:18,@MetroCDMX para que lo rescaten y mientras sea derivado al Centro de Transferencia Canina por favor!,linea3 ,Centro Centro ,0
628,628,628,07-nov-19,3:51:27,@MetroCDMX L√≠nea 3 atorada en el t√∫nel üò° @MetroCDMX  qu√© pasa ?,linea3,,0
630,630,630,07-nov-19,3:53:34,"Pues que los ni√±os se paren m√°s temprano, ¬øO tambi√©n quiere que vayamos a levantarlos? https://t.co/9ZAOMSlhWv",,,1
631,631,631,07-nov-19,3:54:00,@kathyefe @MetroCDMX @CDMXMetro Por favor do√±a sus hijos terminaran en el reclusorio norte o a lo mucho uno acabara la prepa no mame,linea4 ,norte ,0
632,632,632,07-nov-19,3:54:19,"En su bonita secci√≥n ""No todos los h√©roes llevan capa"" 

Estos trabajadores rescataron a un perrito que ya llevaba cuatro d√≠as atrapado en las instalaciones del  @MetroCDMX #Nopalera en la l√≠nea 12. Un gran trabajo. https://t.co/y7mL9YyDsV",linea2 ,cuatro Nopalera ,1
638,638,638,07-nov-19,3:59:17,"En su bonita secci√≥n ""No todos los h√©roes llevan capa"" 

Estos trabajadores rescataron a un perrito que ya llevaba cuatro d√≠as atrapado en las instalaciones del  @MetroCDMX #Nopalera en la l√≠nea 12. Un gran trabajo. https://t.co/y7mL9YyDsV",linea2 ,cuatro Nopalera ,1
639,639,639,07-nov-19,3:59:23,"Pues que los ni√±os se paren m√°s temprano, ¬øO tambi√©n quiere que vayamos a levantarlos? https://t.co/9ZAOMSlhWv",,,1
640,640,640,07-nov-19,3:59:43,@MetroCDMX hay gente bien drogada y pidiendo dinero en el metro. L√≠nea 5 direcci√≥n polit√©cnico. Vag√≥n N.1173. Estamos en central del norte.,linea5,norte ,0
641,641,641,07-nov-19,4:00:07,"Pues que los ni√±os se paren m√°s temprano, ¬øO tambi√©n quiere que vayamos a levantarlos? https://t.co/9ZAOMSlhWv",,,1
642,642,642,07-nov-19,4:00:14,"Pues que los ni√±os se paren m√°s temprano, ¬øO tambi√©n quiere que vayamos a levantarlos? https://t.co/9ZAOMSlhWv",,,1
643,643,643,07-nov-19,4:00:42,¬øCu√°ntas veces tendr√© que twittear que las escaleras el√©ctricas del #copilco #L3 no funcionan? Desde agosto a lo que va de noviembre f√°cil funcionaron semana y media. @MetroCDMX,linea3,copilco ,0
646,646,646,06-nov-19,14:45:31,".@MetroCDMX: Tren averiado en Pe√±√≥n Viejo de la L√≠nea A, el avance es lento ‚û° https://t.co/weAHywcDLp https://t.co/ceAb5F2yK4",lineaA ,Viejo ,0
647,647,647,06-nov-19,14:45:32,"Aunque suene parad√≥jico, hay un lugar subterr√°neo donde se ven las constelaciones üå† del zodiaco. üò≥ ¬°As√≠ como lo lees üßê! Se trata del T√∫nel de la Ciencia üî≠ del @MetroCDMX üöá, ubicado en el pasillo que une las l√≠neas 3 y 5 de la #Estaci√≥nLaRaza. Conoce m√°s en este hilo üßµ.üëáüèΩ https://t.co/5HGTNbiD18",linea3,La Raza,0
648,648,648,06-nov-19,14:46:01,"@MetroCDMX Felicidades l√≠nea A!!! Avanzaste super rapido, como deber√≠a ser siempre, pero solo de agr√≠cola a pantitlan, que bien hacen su chamba heee!!! Mediocres! Y toda la gente que no logro abordar el tren y que tendr√° que esperar no se cuanto tiempo que se jofan no?",linea1 ,pantitlan pantitlan pantitlan pantitlan ,1
649,649,649,06-nov-19,14:46:20,@LeoFlores0730 @MetroCDMX Zaz era un bot... Bueno les pagan por eso con sus 9 seguidores y de amlo... Y eso que el que maneja esa cuenta es alguien del pueblo... Como todos...,linea9,,1
653,653,653,06-nov-19,14:47:44,@MetroCDMX Hasta el momento l√≠nea 8 bien,linea8,,1
655,655,655,06-nov-19,14:50:18,"@MetroCDMX 08:49 llegando tren l√≠nea A, la Paz a Pantitl√°n, y ...... Qx tal dar√° el servicio????",lineaA ,Paz ,1
656,656,656,06-nov-19,14:51:54,"Aunque suene parad√≥jico, hay un lugar subterr√°neo donde se ven las constelaciones üå† del zodiaco. üò≥ ¬°As√≠ como lo lees üßê! Se trata del T√∫nel de la Ciencia üî≠ del @MetroCDMX üöá, ubicado en el pasillo que une las l√≠neas 3 y 5 de la #Estaci√≥nLaRaza. Conoce m√°s en este hilo üßµ.üëáüèΩ https://t.co/5HGTNbiD18",linea3,La Raza,0
657,657,657,06-nov-19,14:52:57,"@MetroCDMX #MovilidadCDMX.  #linea5  llegando Arag√≥n y Ocean√≠a direcci√≥n Pantitl√°n  todas las ma√±anas se detiene el convoy, retraso de 5 a 10 minutos",linea5,,1
658,658,658,06-nov-19,14:53:11,@MetroCDMX 25 minutos de santa Marta a Pantitl√°n,linea4 ,santa ,1
659,659,659,06-nov-19,14:54:38,"‚ö†Ô∏èIm√°genes no aptas para sensibles‚ö†Ô∏è
Esta tarde un hombre de 27 a√±os de edad muri√≥ arrollado al arrojarse a las v√≠as del @MetroCDMX en la estaci√≥n Chilpancingo l√≠nea 9 con direcci√≥n a Tacubaya, el servicio fue interrumpido por algunos minutos para recuperar el cuerpo. https://t.co/SPPUBtrx2w",linea9,Tacubaya Tacubaya Chilpancingo Tacubaya ,0
662,662,662,06-nov-19,14:54:48,"Qu√© coraje e impotencia...
En la salida del metro camarones ninguna escalera sirve, personas de la era edad con bast√≥n subiendo 4 pisos...
@MetroCDMX @Claudiashein pa cu√°ndo dar√°n buen sevicio.
Ah perd√≥n se me olvidaba que la jefa de gobierno es solo la chacha de la CDMX",linea4,camarones ,0
668,668,668,06-nov-19,14:57:21,Desde la Glorieta del @MetroCDMX estaci√≥n Insurgentes @repor33 platica con @estarc62 https://t.co/IorpPZGCYB,linea1 ,Insurgentes ,0
669,669,669,06-nov-19,14:57:32,@MetroCDMX Ni de chiste la l√≠nea 12 tarda 4 min,linea12,,1
670,670,670,06-nov-19,14:58:14,@MetroCDMX C√≥mo va la L1 direcci√≥n observatorio?,linea1,observatorio ,0
671,671,671,06-nov-19,14:59:15,@Anlle @MetroCDMX Se detuvo 5 munutos en t3zonco y de ahi en adelante marcha super bien.,linea5,,1
674,674,674,06-nov-19,15:00:57,"@MetroCDMX @MetroCDMX#sanciones metro La admon del metro deberia responder por todos los da√±os colaterales que causa el retraso y mal manejo de los conductores, en las lineas en cualquier horario y linea es lo mismo, se les hace normal pero se deberia sancionar cada que esto ocurra.",linea2 ,normal ,0
675,675,675,06-nov-19,15:01:23,"@MetroCDMX 
2 hora y media para poder usar el metro y llegar a mi destino final. Recorrido que se hace 50 minutos",linea2,,1
680,680,680,06-nov-19,15:05:19,@MetroCDMX Me hice dos horas del metro calle 11 a zapata como va ir 4 min entre estaciones es il√≥gico ü§¨üò†ü§¨üò†,linea3,zapata zapata ,0
684,684,684,06-nov-19,15:11:29,@MetroCDMX No puede ser que salga desde las 7 am estuviera en el metro calle 11 y llegara a zapata alas 9:05 am m√°s de dos horas y todav√≠a salen con sus jaladas que est√°n tardando 4 min entre estaciones como miden el tiempo no manchen por cosas como estas es que en nuestros trabajos no ven,,zapata zapata ,0
685,685,685,06-nov-19,15:12:45,"Aunque suene parad√≥jico, hay un lugar subterr√°neo donde se ven las constelaciones üå† del zodiaco. üò≥ ¬°As√≠ como lo lees üßê! Se trata del T√∫nel de la Ciencia üî≠ del @MetroCDMX üöá, ubicado en el pasillo que une las l√≠neas 3 y 5 de la #Estaci√≥nLaRaza. Conoce m√°s en este hilo üßµ.üëáüèΩ https://t.co/5HGTNbiD18",linea3,La Raza,0
687,687,687,06-nov-19,15:13:48,"@MetroCDMX Esto cuenta como informaci√≥n falsa, adem√°s diario dan informaci√≥n que no corresponde!
Holaaaaa @FirenzeM la infograf√≠a tiene datos falsos!!! En la l√≠nea 1 no es cada 3 min, informaci√≥n actualizada al momento üòâ
@andreslajous @Claudiashein #CDMX #MetroCDMX https://t.co/T554PVawtJ",linea1,,1
689,689,689,06-nov-19,15:16:44,"‚ö†Ô∏èIm√°genes no aptas para sensibles‚ö†Ô∏è
Esta tarde un hombre de 27 a√±os de edad muri√≥ arrollado al arrojarse a las v√≠as del @MetroCDMX en la estaci√≥n Chilpancingo l√≠nea 9 con direcci√≥n a Tacubaya, el servicio fue interrumpido por algunos minutos para recuperar el cuerpo. https://t.co/SPPUBtrx2w",linea1,Tacubaya Tacubaya Chilpancingo Tacubaya ,0
690,690,690,06-nov-19,15:17:08,@MetroCDMX No puede ser que salga desde las 7 am estuviera en el metro calle 11 y llegara a zapata alas 9:05 am m√°s de dos horas y todav√≠a salen con sus jaladas que est√°n tardando 4 min entre estaciones como miden el tiempo no manchen por cosas como estas es que en nuestros trabajos no ven,linea1,zapata zapata ,0
692,692,692,06-nov-19,15:17:32,@MetroCDMX Me hice dos horas del metro calle 11 a zapata como va ir 4 min entre estaciones es il√≥gico ü§¨üò†ü§¨üò†,linea3,zapata zapata ,0
696,696,696,06-nov-19,15:22:12,"@MetroCDMX @FirenzeM ¬øNo te parece incre√≠ble que este a√±o tardaron 13 semanas en arreglar las escaleras el√©ctricas de barranca del muerto y de nuevo llevan dos semanas sin funcionar? ¬øO te est√°n robando y no dices nada?,¬øO eres corrupta e incompetente?",linea7 ,barranca muerto ,0
697,697,697,06-nov-19,15:24:18,"@MetroCDMX @FirenzeM ¬øNo te parece incre√≠ble que este a√±o tardaron 13 semanas en arreglar las escaleras el√©ctricas de barranca del muerto y de nuevo llevan dos semanas sin funcionar? ¬øO te est√°n robando y no dices nada?,¬øO eres corrupta e incompetente?",linea7 ,barranca muerto ,0
700,700,700,06-nov-19,15:24:35,@MetroCDMX 4 minutos ajaaaa me tuve que esoerar 4 vagones para poder subir en mexicaltzingo üò†,,,1
701,701,701,06-nov-19,15:24:53,"@mrgrinch78 para que el aeropuerto, ese espect√°culo te lo ofrece el @MetroCDMX solo polo que valen dos rico-pollos (5 pesitos)",linea5,,1
703,703,703,06-nov-19,15:26:36,"@MetroCDMX p√©simo servicio de la se√±orita que esta en la taquilla de pino suarez linea rosa saliendo a izazaga no me dio mi tarjeta me dijo que ya no tenia cuando la tenia en la mano, se quedo con mi dinero y con una actitud muy d√©spota",linea1,pino suarez pino suarez ,0
704,704,704,06-nov-19,15:27:25,@MetroCDMX L√≠nea 9 con buen avance 15 min de Pantitl√°n a chabacano,linea9,chabacano chabacano ,1
705,705,705,06-nov-19,15:27:34,"Ya me dan ganas de comprarme mi pasamonta√±as y mochila bien llena de aerosoles, para pintar ¬°""VIVA SANTA ANNA, FUERA AMLO""! y nadie me diga nada ni me detengan... https://t.co/4naDfNVVNX",linea4 ,SANTA ,1
706,706,706,06-nov-19,15:28:01,"#CentrodeEmergencias @SOBSECDMX @MetroCDMX coladera perteneciente al #Stcm sin tapa sobre Av. Insurgentes y San cosme col. Santa maria la ribera
@AlcCuauhtemocMx https://t.co/cUzLpiKpCr",linea1 ,Insurgentes cosme Santa ,1
707,707,707,06-nov-19,15:29:18,@mrgrinch78 @MetroCDMX Es m√°s le deber√≠an robar esa tecnolog√≠a para el aeropuerto rural santa luc√≠a,linea4 ,santa ,0
708,708,708,06-nov-19,15:29:35,"#CentrodeEmergencias @SOBSECDMX @MetroCDMX coladera perteneciente al #Stcm sin tapa sobre Av. Insurgentes y San cosme col. Santa maria la ribera
@AlcCuauhtemocMx https://t.co/cUzLpiKpCr",linea1 ,Insurgentes cosme Santa ,1
713,713,713,06-nov-19,15:30:52,"Aunque suene parad√≥jico, hay un lugar subterr√°neo donde se ven las constelaciones üå† del zodiaco. üò≥ ¬°As√≠ como lo lees üßê! Se trata del T√∫nel de la Ciencia üî≠ del @MetroCDMX üöá, ubicado en el pasillo que une las l√≠neas 3 y 5 de la #Estaci√≥nLaRaza. Conoce m√°s en este hilo üßµ.üëáüèΩ https://t.co/5HGTNbiD18",linea3,La Raza,0
714,714,714,06-nov-19,15:32:29,"Se√±or @MetroCDMX, usted est√° siempre muy saturado y tarda mucho, en ocasiones se descompone y huele feo. Sin embargo, yo lo amo mucho, pues me lleva desde Iztapalapa hasta Vallejo, desde Tl√°huac hasta Ciudad Azteca, desde muy lejos hasta muy cerca.‚ô•Ô∏è",linea6 ,Vallejo Iztapalapa ,1
715,715,715,06-nov-19,15:32:49,"@MetroCDMX L√≠nea B siempre desatendida, m√°s de 4 min en espera y la gente aglomerada para poder entrar revisa estaci√≥n impulsora, informaci√≥n falsa que debe ser atendida por su √≥rgano de control",linea4,impulsora ,1
717,717,717,06-nov-19,15:38:48,"Se√±or @MetroCDMX, usted est√° siempre muy saturado y tarda mucho, en ocasiones se descompone y huele feo. Sin embargo, yo lo amo mucho, pues me lleva desde Zapata hasta La raza, desde Tlaltenco hasta Tlatelolco, desde muy lejos hasta muy cerca, por solo cinco pesos.‚ô•Ô∏è",linea3 ,Zapata raza Tlatelolco raza Zapata ,1
718,718,718,06-nov-19,15:39:21,@MetroCDMX No avanza la l√≠nea 12 !!!! Ahora cu√°l es el pretexto de su incompetencia @Claudiashein ??? Son de cuarta ü§Æü§Æü§Æü§Æü§Æü§Æü§Æü§Æü§Æü§Æü§Æü§Æü§Æü§Æü§Æü§Æü§Æü§Æü§Æü§Æü§Æü§Æü§Æü§Æü§Æü§Æü§Æü§Æü§Æü§Æü§Æü§Æü§Æü§Æ,linea1,,0
719,719,719,06-nov-19,15:39:39,@MetroCDMX No avanza la l√≠nea 12 !!!! Ahora cu√°l es el pretexto de su incompetencia @Claudiashein ??? Son de cuarta ü§Æü§Æü§Æü§Æü§Æü§Æü§Æü§Æü§Æü§Æü§Æü§Æü§Æü§Æü§Æü§Æü§Æü§Æü§Æü§Æü§Æü§Æü§Æü§Æü§Æü§Æü§Æü§Æü§Æü§Æü§Æü§Æü§Æü§Æ,linea1,,0
720,720,720,06-nov-19,15:39:43,@MetroCDMX No avanza la l√≠nea 12 !!!! Ahora cu√°l es el pretexto de su incompetencia @Claudiashein ??? Son de cuarta ü§Æü§Æü§Æü§Æü§Æü§Æü§Æü§Æü§Æü§Æü§Æü§Æü§Æü§Æü§Æü§Æü§Æü§Æü§Æü§Æü§Æü§Æü§Æü§Æü§Æü§Æü§Æü§Æü§Æü§Æü§Æü§Æü§Æü§Æ,linea1,,0
722,722,722,06-nov-19,15:41:09,"@NoTengoBoobs  : @MetroCDMX p√©simo servicio de la se√±orita que esta en la taquilla de pino suarez linea rosa saliendo a izazaga no me dio mi tarjeta me dijo que ya no tenia cuando la tenia en la mano, se quedo con mi dinero y con una actitud muy d√©spota",linea1,pino suarez pino suarez ,0
723,723,723,06-nov-19,15:41:49,"@k_de_paris : @MetroCDMX @FirenzeM ¬øNo te parece incre√≠ble que este a√±o tardaron 13 semanas en arreglar las escaleras el√©ctricas de barranca del muerto y de nuevo llevan dos semanas sin funcionar? ¬øO te est√°n robando y no dices nada?,¬øO eres corrupta e incompetente?",linea7 ,barranca muerto ,0
725,725,725,06-nov-19,15:44:18,"#CentrodeEmergencias @SOBSECDMX @MetroCDMX coladera perteneciente al #Stcm sin tapa sobre Av. Insurgentes y San cosme col. Santa maria la ribera
@AlcCuauhtemocMx https://t.co/cUzLpiKpCr",linea1 ,Insurgentes cosme Santa ,1
726,726,726,06-nov-19,15:44:36,"Ayer anduve tooooodo el d√≠a en @MetroCDMX üôà 
Me perd√≠ en 3 transbordos. 
Me pase dos veces de estaci√≥n 
Entr√© en una estaci√≥n donde no venden boletos, solo tarjeta. 
Me sacaron el zapato. 
Pase abajo de las fuentes de agua que se hacen al llover. 1/2",,,0
728,728,728,06-nov-19,15:51:43,@MetroCDMX por favor su apoyo metro direcci√≥n el rosario estaci√≥n constituyentes parado,linea6 ,rosario rosario constituyentes ,1
729,729,729,06-nov-19,15:53:56,"‚ö†Ô∏èIm√°genes no aptas para sensibles‚ö†Ô∏è
Esta tarde un hombre de 27 a√±os de edad muri√≥ arrollado al arrojarse a las v√≠as del @MetroCDMX en la estaci√≥n Chilpancingo l√≠nea 9 con direcci√≥n a Tacubaya, el servicio fue interrumpido por algunos minutos para recuperar el cuerpo. https://t.co/SPPUBtrx2w",linea9,Tacubaya Tacubaya Chilpancingo Tacubaya ,0
731,731,731,06-nov-19,15:54:32,"@MetroCDMX @FirenzeM ¬øNo te parece incre√≠ble que este a√±o tardaron 13 semanas en arreglar las escaleras el√©ctricas de barranca del muerto y de nuevo llevan dos semanas sin funcionar? ¬øO te est√°n robando y no dices nada?,¬øO eres corrupta e incompetente?",linea7 ,barranca muerto ,0
733,733,733,06-nov-19,15:55:33,@MetroCDMX que pasa linea 1?,linea1,,0
734,734,734,06-nov-19,15:56:34,@MetroCDMX @CruzRoja_CDMX @VoluntariosERUM @SSP_CDMX @UCS_GCDMX chabacano l√≠nea 2 mujer polic√≠a embarazada necesita apoyo m√©dico. 5 meses presenta sangrado urgeeee,linea2,chabacano chabacano ,0
737,737,737,06-nov-19,15:58:13,@MetroCDMX @CruzRoja_CDMX @VoluntariosERUM @SSP_CDMX @UCS_GCDMX chabacano l√≠nea 2 mujer polic√≠a embarazada necesita apoyo m√©dico. 5 meses presenta sangrado urgeeee,linea2,chabacano chabacano ,0
739,739,739,06-nov-19,15:59:18,"Mujer de 21 a√±os con sangrado vaginal con embarazo de 5 meses en la estaci√≥n del #Metro #Chabacano. 

@C5_CDMX 
@SSP_CDMX @MetroCDMX @SUUMA_CDMX @VoluntariosERUM @CruzRoja_MX @CruzRoja_CDMX",linea5,,0
742,742,742,06-nov-19,16:01:50,"Mujer de 21 a√±os con sangrado vaginal con embarazo de 5 meses en la estaci√≥n del #Metro #Chabacano. 

@C5_CDMX 
@SSP_CDMX @MetroCDMX @SUUMA_CDMX @VoluntariosERUM @CruzRoja_MX @CruzRoja_CDMX",linea5,,0
743,743,743,06-nov-19,16:01:57,@JerrxG13 @Excelsior @MetroCDMX @UCS_GCDMX   una ambulancia tiene hemorragia polic√≠a embarazada de 5 meses en metro chabacano la tienen trabajando m√°s de 48 hrs seguidas,linea5,chabacano chabacano ,0
744,744,744,06-nov-19,16:02:45,@MetroCDMX @CruzRoja_CDMX @VoluntariosERUM @SSP_CDMX @UCS_GCDMX chabacano l√≠nea 2 mujer polic√≠a embarazada necesita apoyo m√©dico. 5 meses presenta sangrado urgeeee,linea2,chabacano chabacano ,0
747,747,747,06-nov-19,16:04:52,"#VIDEO As√≠ fue el rescate de un perrito atrapado en la L12 del @MetroCDMX. ¬°Estaba en unas v√≠as a 8 metros de altura!
https://t.co/lP48zKVhlG https://t.co/OrkIqjNdpw",linea12,,0
748,748,748,06-nov-19,16:05:04,@JerrxG13 @Excelsior @MetroCDMX @UCS_GCDMX   una ambulancia tiene hemorragia polic√≠a embarazada de 5 meses en metro chabacano la tienen trabajando m√°s de 48 hrs seguidas,linea5,chabacano chabacano ,0